Title;Link;Rating;Description;Price;Time
Alamgir Hotel;/lucknow/alamgir-hotel-aminabad/order?contextual_menu_params=eyJkaXNoX3NlYXJjaCI6eyJ0aXRsZSI6IkJlc3QgaW4gQ2hpY2tlbiIsImRpc2hfaWRzIjpbIjU1MjgwIl0sImN1aXNpbmVfaWRzIjpbXX19;;;₹150 for one;
Punjabi Dhaba;/lucknow/punjabi-dhaba-charbagh/order?contextual_menu_params=eyJkaXNoX3NlYXJjaCI6eyJ0aXRsZSI6IkJlc3QgaW4gQ2hpY2tlbiIsImRpc2hfaWRzIjpbIjU1MjgwIl0sImN1aXNpbmVfaWRzIjpbXX19;;;₹150 for one;
Mera Mann Hotel And Restaurant;/lucknow/mera-mann-hotel-and-restaurant-husain-ganj/order?contextual_menu_params=eyJkaXNoX3NlYXJjaCI6eyJ0aXRsZSI6IkJlc3QgaW4gQ2hpY2tlbiIsImRpc2hfaWRzIjpbIjU1MjgwIl0sImN1aXNpbmVfaWRzIjpbXX19;;;₹150 for one;
Wahid Biryani;/lucknow/wahid-biryani-1-aminabad/order?contextual_menu_params=eyJkaXNoX3NlYXJjaCI6eyJ0aXRsZSI6IkJlc3QgaW4gQ2hpY2tlbiIsImRpc2hfaWRzIjpbIjU1MjgwIl0sImN1aXNpbmVfaWRzIjpbXX19;;;₹150 for one;
Behrouz Biryani;/lucknow/behrouz-biryani-hazratganj/order?contextual_menu_params=eyJkaXNoX3NlYXJjaCI6eyJ0aXRsZSI6IkJlc3QgaW4gQ2hpY2tlbiIsImRpc2hfaWRzIjpbIjU1MjgwIl0sImN1aXNpbmVfaWRzIjpbXX19;;;₹150 for one;
McDonald's;/lucknow/mcdonalds-2-hazratganj/order?contextual_menu_params=eyJkaXNoX3NlYXJjaCI6eyJ0aXRsZSI6IkJlc3QgaW4gQ2hpY2tlbiIsImRpc2hfaWRzIjpbIjU1MjgwIl0sImN1aXNpbmVfaWRzIjpbXX19;;;₹150 for one;
Royal Cafe;/lucknow/royal-cafe-hazratganj/order?contextual_menu_params=eyJkaXNoX3NlYXJjaCI6eyJ0aXRsZSI6IkJlc3QgaW4gQ2hpY2tlbiIsImRpc2hfaWRzIjpbIjU1MjgwIl0sImN1aXNpbmVfaWRzIjpbXX19;;;₹150 for one;
The Cherry Tree Bakery & Cafe;/lucknow/the-cherry-tree-bakery-cafe-hazratganj/order?contextual_menu_params=eyJkaXNoX3NlYXJjaCI6eyJ0aXRsZSI6IkJlc3QgaW4gQ2hpY2tlbiIsImRpc2hfaWRzIjpbIjU1MjgwIl0sImN1aXNpbmVfaWRzIjpbXX19;;;₹150 for one;
Biryani Blues;/lucknow/biryani-blues-hazratganj/order?contextual_menu_params=eyJkaXNoX3NlYXJjaCI6eyJ0aXRsZSI6IkJlc3QgaW4gQ2hpY2tlbiIsImRpc2hfaWRzIjpbIjU1MjgwIl0sImN1aXNpbmVfaWRzIjpbXX19;;;₹150 for one;
Aryan Family's Delight;/lucknow/aryan-familys-delight-hazratganj/order?contextual_menu_params=eyJkaXNoX3NlYXJjaCI6eyJ0aXRsZSI6IkJlc3QgaW4gQ2hpY2tlbiIsImRpc2hfaWRzIjpbIjU1MjgwIl0sImN1aXNpbmVfaWRzIjpbXX19;;;₹150 for one;
Pizza Hut;/lucknow/pizza-hut-husain-ganj/order?contextual_menu_params=eyJkaXNoX3NlYXJjaCI6eyJ0aXRsZSI6IkJlc3QgaW4gQ2hpY2tlbiIsImRpc2hfaWRzIjpbIjU1MjgwIl0sImN1aXNpbmVfaWRzIjpbXX19;;;₹150 for one;
Tunday Kababi;/lucknow/tunday-kababi-1-alambagh/order?contextual_menu_params=eyJkaXNoX3NlYXJjaCI6eyJ0aXRsZSI6IkJlc3QgaW4gQ2hpY2tlbiIsImRpc2hfaWRzIjpbIjU1MjgwIl0sImN1aXNpbmVfaWRzIjpbXX19;;;₹150 for one;
LunchBox - Meals and Thalis;/lucknow/lunchbox-meals-and-thalis-hazratganj/order?contextual_menu_params=eyJkaXNoX3NlYXJjaCI6eyJ0aXRsZSI6IkJlc3QgaW4gQ2hpY2tlbiIsImRpc2hfaWRzIjpbIjU1MjgwIl0sImN1aXNpbmVfaWRzIjpbXX19;;;₹200 for one;
Big Bowl;/lucknow/big-bowl-alambagh/order?contextual_menu_params=eyJkaXNoX3NlYXJjaCI6eyJ0aXRsZSI6IkJlc3QgaW4gQ2hpY2tlbiIsImRpc2hfaWRzIjpbIjU1MjgwIl0sImN1aXNpbmVfaWRzIjpbXX19;;;₹200 for one;
Savour Port;/lucknow/savour-port-3-hazratganj/order?contextual_menu_params=eyJkaXNoX3NlYXJjaCI6eyJ0aXRsZSI6IkJlc3QgaW4gQ2hpY2tlbiIsImRpc2hfaWRzIjpbIjU1MjgwIl0sImN1aXNpbmVfaWRzIjpbXX19;;;₹200 for one;
Hotel Ekas;/lucknow/hotel-ekas-charbagh/order?contextual_menu_params=eyJkaXNoX3NlYXJjaCI6eyJ0aXRsZSI6IkJlc3QgaW4gQ2hpY2tlbiIsImRpc2hfaWRzIjpbIjU1MjgwIl0sImN1aXNpbmVfaWRzIjpbXX19;;;₹200 for one;
Colours - Royal Cafe;/lucknow/colours-royal-cafe-hazratganj/order?contextual_menu_params=eyJkaXNoX3NlYXJjaCI6eyJ0aXRsZSI6IkJlc3QgaW4gQ2hpY2tlbiIsImRpc2hfaWRzIjpbIjU1MjgwIl0sImN1aXNpbmVfaWRzIjpbXX19;;;₹200 for one;
Tunday Kababi;/lucknow/tunday-kababi-alambagh/order?contextual_menu_params=eyJkaXNoX3NlYXJjaCI6eyJ0aXRsZSI6IkJlc3QgaW4gQ2hpY2tlbiIsImRpc2hfaWRzIjpbIjU1MjgwIl0sImN1aXNpbmVfaWRzIjpbXX19;;;₹200 for one;
Royal Sky;/lucknow/royal-sky-1-hazratganj/order?contextual_menu_params=eyJkaXNoX3NlYXJjaCI6eyJ0aXRsZSI6IkJlc3QgaW4gQ2hpY2tlbiIsImRpc2hfaWRzIjpbIjU1MjgwIl0sImN1aXNpbmVfaWRzIjpbXX19;;;₹200 for one;
Masaki Cafe Couture;/lucknow/masaki-cafe-couture-hazratganj/order?contextual_menu_params=eyJkaXNoX3NlYXJjaCI6eyJ0aXRsZSI6IkJlc3QgaW4gQ2hpY2tlbiIsImRpc2hfaWRzIjpbIjU1MjgwIl0sImN1aXNpbmVfaWRzIjpbXX19;;;₹200 for one;
Sher E Punjab Hotel;/lucknow/sher-e-punjab-hotel-charbagh/order?contextual_menu_params=eyJkaXNoX3NlYXJjaCI6eyJ0aXRsZSI6IkJlc3QgaW4gQ2hpY2tlbiIsImRpc2hfaWRzIjpbIjU1MjgwIl0sImN1aXNpbmVfaWRzIjpbXX19;;;₹200 for one;
Aryan Family’s Delight;/lucknow/aryan-familys-delight-1-alambagh/order?contextual_menu_params=eyJkaXNoX3NlYXJjaCI6eyJ0aXRsZSI6IkJlc3QgaW4gQ2hpY2tlbiIsImRpc2hfaWRzIjpbIjU1MjgwIl0sImN1aXNpbmVfaWRzIjpbXX19;;;₹200 for one;
Sanjha Chulha;/lucknow/sanjha-chulha-hazratganj/order?contextual_menu_params=eyJkaXNoX3NlYXJjaCI6eyJ0aXRsZSI6IkJlc3QgaW4gQ2hpY2tlbiIsImRpc2hfaWRzIjpbIjU1MjgwIl0sImN1aXNpbmVfaWRzIjpbXX19;;;₹200 for one;
Lord Petrick;/lucknow/lord-petrick-hazratganj/order?contextual_menu_params=eyJkaXNoX3NlYXJjaCI6eyJ0aXRsZSI6IkJlc3QgaW4gQ2hpY2tlbiIsImRpc2hfaWRzIjpbIjU1MjgwIl0sImN1aXNpbmVfaWRzIjpbXX19;;;₹200 for one;
Marksmen;/lucknow/marksmen-lalbagh/order?contextual_menu_params=eyJkaXNoX3NlYXJjaCI6eyJ0aXRsZSI6IkJlc3QgaW4gQ2hpY2tlbiIsImRpc2hfaWRzIjpbIjU1MjgwIl0sImN1aXNpbmVfaWRzIjpbXX19;;;₹250 for one;
Raheem's;/lucknow/raheems-chowk/order?contextual_menu_params=eyJkaXNoX3NlYXJjaCI6eyJ0aXRsZSI6IkJlc3QgaW4gQ2hpY2tlbiIsImRpc2hfaWRzIjpbIjU1MjgwIl0sImN1aXNpbmVfaWRzIjpbXX19;;;₹250 for one;
Kool Break;/lucknow/kool-break-hazratganj/order?contextual_menu_params=eyJkaXNoX3NlYXJjaCI6eyJ0aXRsZSI6IkJlc3QgaW4gQ2hpY2tlbiIsImRpc2hfaWRzIjpbIjU1MjgwIl0sImN1aXNpbmVfaWRzIjpbXX19;;;₹250 for one;
Moti Mahal Delux- Tandoori Trail;/lucknow/moti-mahal-delux-tandoori-trail-aashiana/order?contextual_menu_params=eyJkaXNoX3NlYXJjaCI6eyJ0aXRsZSI6IkJlc3QgaW4gQ2hpY2tlbiIsImRpc2hfaWRzIjpbIjU1MjgwIl0sImN1aXNpbmVfaWRzIjpbXX19;;;₹250 for one;
Timpano;/lucknow/timpano-hazratganj/order?contextual_menu_params=eyJkaXNoX3NlYXJjaCI6eyJ0aXRsZSI6IkJlc3QgaW4gQ2hpY2tlbiIsImRpc2hfaWRzIjpbIjU1MjgwIl0sImN1aXNpbmVfaWRzIjpbXX19;;;₹250 for one;
Chef's Kitchen;/lucknow/chefs-kitchen-sadar-bazaar/order?contextual_menu_params=eyJkaXNoX3NlYXJjaCI6eyJ0aXRsZSI6IkJlc3QgaW4gQ2hpY2tlbiIsImRpc2hfaWRzIjpbIjU1MjgwIl0sImN1aXNpbmVfaWRzIjpbXX19;;;₹250 for one;
The Posh Pouf;/lucknow/the-posh-pouf-alambagh/order?contextual_menu_params=eyJkaXNoX3NlYXJjaCI6eyJ0aXRsZSI6IkJlc3QgaW4gQ2hpY2tlbiIsImRpc2hfaWRzIjpbIjU1MjgwIl0sImN1aXNpbmVfaWRzIjpbXX19;;;₹250 for one;
Al Zaiqa Restaurant;/lucknow/al-zaiqa-restaurant-lalbagh/order?contextual_menu_params=eyJkaXNoX3NlYXJjaCI6eyJ0aXRsZSI6IkJlc3QgaW4gQ2hpY2tlbiIsImRpc2hfaWRzIjpbIjU1MjgwIl0sImN1aXNpbmVfaWRzIjpbXX19;;;₹250 for one;
Mubeen's;/lucknow/mubeens-chowk/order?contextual_menu_params=eyJkaXNoX3NlYXJjaCI6eyJ0aXRsZSI6IkJlc3QgaW4gQ2hpY2tlbiIsImRpc2hfaWRzIjpbIjU1MjgwIl0sImN1aXNpbmVfaWRzIjpbXX19;;;₹250 for one;
Burger King;/lucknow/burger-king-hazratganj/order?contextual_menu_params=eyJkaXNoX3NlYXJjaCI6eyJ0aXRsZSI6IkJlc3QgaW4gQ2hpY2tlbiIsImRpc2hfaWRzIjpbIjU1MjgwIl0sImN1aXNpbmVfaWRzIjpbXX19;;;₹250 for one;
Amritsar 0 Km;/lucknow/amritsar-0-km-alambagh/order?contextual_menu_params=eyJkaXNoX3NlYXJjaCI6eyJ0aXRsZSI6IkJlc3QgaW4gQ2hpY2tlbiIsImRpc2hfaWRzIjpbIjU1MjgwIl0sImN1aXNpbmVfaWRzIjpbXX19;;;₹250 for one;
Chinese Wok;/lucknow/chinese-wok-alambagh/order?contextual_menu_params=eyJkaXNoX3NlYXJjaCI6eyJ0aXRsZSI6IkJlc3QgaW4gQ2hpY2tlbiIsImRpc2hfaWRzIjpbIjU1MjgwIl0sImN1aXNpbmVfaWRzIjpbXX19;;;₹250 for one;
Rollarappaa;/lucknow/rollarappaa-sapru-marg/order?contextual_menu_params=eyJkaXNoX3NlYXJjaCI6eyJ0aXRsZSI6IkJlc3QgaW4gQ2hpY2tlbiIsImRpc2hfaWRzIjpbIjU1MjgwIl0sImN1aXNpbmVfaWRzIjpbXX19;;;₹150 for one;
Ranjan Snack Foods;/lucknow/ranjan-snack-foods-hazratganj/order?contextual_menu_params=eyJkaXNoX3NlYXJjaCI6eyJ0aXRsZSI6IkJlc3QgaW4gQ2hpY2tlbiIsImRpc2hfaWRzIjpbIjU1MjgwIl0sImN1aXNpbmVfaWRzIjpbXX19;;;₹150 for one;
Urban Smoky Cafe & Lounge;/lucknow/urban-smoky-cafe-lounge-hazratganj/order?contextual_menu_params=eyJkaXNoX3NlYXJjaCI6eyJ0aXRsZSI6IkJlc3QgaW4gQ2hpY2tlbiIsImRpc2hfaWRzIjpbIjU1MjgwIl0sImN1aXNpbmVfaWRzIjpbXX19;;;₹150 for one;
Mother’s Kitchen;/lucknow/mothers-kitchen-aishbagh/order?contextual_menu_params=eyJkaXNoX3NlYXJjaCI6eyJ0aXRsZSI6IkJlc3QgaW4gQ2hpY2tlbiIsImRpc2hfaWRzIjpbIjU1MjgwIl0sImN1aXNpbmVfaWRzIjpbXX19;;;₹150 for one;
Mr. Pizza;/lucknow/mr-pizza-alambagh/order?contextual_menu_params=eyJkaXNoX3NlYXJjaCI6eyJ0aXRsZSI6IkJlc3QgaW4gQ2hpY2tlbiIsImRpc2hfaWRzIjpbIjU1MjgwIl0sImN1aXNpbmVfaWRzIjpbXX19;;;₹150 for one;
Burger Beans;/lucknow/burger-beans-sadar-bazaar/order?contextual_menu_params=eyJkaXNoX3NlYXJjaCI6eyJ0aXRsZSI6IkJlc3QgaW4gQ2hpY2tlbiIsImRpc2hfaWRzIjpbIjU1MjgwIl0sImN1aXNpbmVfaWRzIjpbXX19;;;₹150 for one;
Pizza Wings;/lucknow/pizza-wings-alambagh/order?contextual_menu_params=eyJkaXNoX3NlYXJjaCI6eyJ0aXRsZSI6IkJlc3QgaW4gQ2hpY2tlbiIsImRpc2hfaWRzIjpbIjU1MjgwIl0sImN1aXNpbmVfaWRzIjpbXX19;;;₹150 for one;
Spicy Hub;/lucknow/spicy-hub-aashiana/order?contextual_menu_params=eyJkaXNoX3NlYXJjaCI6eyJ0aXRsZSI6IkJlc3QgaW4gQ2hpY2tlbiIsImRpc2hfaWRzIjpbIjU1MjgwIl0sImN1aXNpbmVfaWRzIjpbXX19;;;₹150 for one;
The Ritz Restaurant;/lucknow/the-ritz-restaurant-mahanagar/order?contextual_menu_params=eyJkaXNoX3NlYXJjaCI6eyJ0aXRsZSI6IkJlc3QgaW4gQ2hpY2tlbiIsImRpc2hfaWRzIjpbIjU1MjgwIl0sImN1aXNpbmVfaWRzIjpbXX19;;;₹150 for one;
Theobroma;/lucknow/theobroma-hazratganj/order?contextual_menu_params=eyJkaXNoX3NlYXJjaCI6eyJ0aXRsZSI6IkJlc3QgaW4gQ2hpY2tlbiIsImRpc2hfaWRzIjpbIjU1MjgwIl0sImN1aXNpbmVfaWRzIjpbXX19;;;₹150 for one;
De Globe Cafe;/lucknow/de-globe-cafe-1-hazratganj/order?contextual_menu_params=eyJkaXNoX3NlYXJjaCI6eyJ0aXRsZSI6IkJlc3QgaW4gQ2hpY2tlbiIsImRpc2hfaWRzIjpbIjU1MjgwIl0sImN1aXNpbmVfaWRzIjpbXX19;;;₹150 for one;
WOW! China;/lucknow/wow-china-alambagh/order?contextual_menu_params=eyJkaXNoX3NlYXJjaCI6eyJ0aXRsZSI6IkJlc3QgaW4gQ2hpY2tlbiIsImRpc2hfaWRzIjpbIjU1MjgwIl0sImN1aXNpbmVfaWRzIjpbXX19;;;₹150 for one;
Hons  All Day Dining;/lucknow/hons-all-day-dining-hazratganj/order?contextual_menu_params=eyJkaXNoX3NlYXJjaCI6eyJ0aXRsZSI6IkJlc3QgaW4gQ2hpY2tlbiIsImRpc2hfaWRzIjpbIjU1MjgwIl0sImN1aXNpbmVfaWRzIjpbXX19;;;₹250 for one;
Firangi Bake;/lucknow/firangi-bake-hazratganj/order?contextual_menu_params=eyJkaXNoX3NlYXJjaCI6eyJ0aXRsZSI6IkJlc3QgaW4gQ2hpY2tlbiIsImRpc2hfaWRzIjpbIjU1MjgwIl0sImN1aXNpbmVfaWRzIjpbXX19;;;₹200 for one;
Tobo Meals;/lucknow/tobo-meals-charbagh/order?contextual_menu_params=eyJkaXNoX3NlYXJjaCI6eyJ0aXRsZSI6IkJlc3QgaW4gQ2hpY2tlbiIsImRpc2hfaWRzIjpbIjU1MjgwIl0sImN1aXNpbmVfaWRzIjpbXX19;;;₹250 for one;
Punjabi Zaika;/lucknow/punjabi-zaika-charbagh/order?contextual_menu_params=eyJkaXNoX3NlYXJjaCI6eyJ0aXRsZSI6IkJlc3QgaW4gQ2hpY2tlbiIsImRpc2hfaWRzIjpbIjU1MjgwIl0sImN1aXNpbmVfaWRzIjpbXX19;;;₹150 for one;
Barbeque Nation;/lucknow/barbeque-nation-gomti-nagar/order?contextual_menu_params=eyJkaXNoX3NlYXJjaCI6eyJ0aXRsZSI6IkJlc3QgaW4gQ2hpY2tlbiIsImRpc2hfaWRzIjpbIjU1MjgwIl0sImN1aXNpbmVfaWRzIjpbXX19;;;₹700 for one;
Kanpur Baba Biryani;/lucknow/kanpur-baba-biryani-2-aminabad/order?contextual_menu_params=eyJkaXNoX3NlYXJjaCI6eyJ0aXRsZSI6IkJlc3QgaW4gQ2hpY2tlbiIsImRpc2hfaWRzIjpbIjU1MjgwIl0sImN1aXNpbmVfaWRzIjpbXX19;;;₹150 for one;
Faheem Muradabadi Chicken Biryani Centre;/lucknow/faheem-muradabadi-chicken-biryani-centre-chowk/order?contextual_menu_params=eyJkaXNoX3NlYXJjaCI6eyJ0aXRsZSI6IkJlc3QgaW4gQ2hpY2tlbiIsImRpc2hfaWRzIjpbIjU1MjgwIl0sImN1aXNpbmVfaWRzIjpbXX19;;;₹100 for one;
Purvanchal Handi Hut;/lucknow/purvanchal-handi-hut-lalbagh/order?contextual_menu_params=eyJkaXNoX3NlYXJjaCI6eyJ0aXRsZSI6IkJlc3QgaW4gQ2hpY2tlbiIsImRpc2hfaWRzIjpbIjU1MjgwIl0sImN1aXNpbmVfaWRzIjpbXX19;;;₹200 for one;
Truly Ghee - Authentic Ghee Cuisine;/lucknow/truly-ghee-authentic-ghee-cuisine-alambagh/order?contextual_menu_params=eyJkaXNoX3NlYXJjaCI6eyJ0aXRsZSI6IkJlc3QgaW4gQ2hpY2tlbiIsImRpc2hfaWRzIjpbIjU1MjgwIl0sImN1aXNpbmVfaWRzIjpbXX19;;;₹100 for one;
Homely Fare Hub;/lucknow/homely-fare-hub-chowk/order?contextual_menu_params=eyJkaXNoX3NlYXJjaCI6eyJ0aXRsZSI6IkJlc3QgaW4gQ2hpY2tlbiIsImRpc2hfaWRzIjpbIjU1MjgwIl0sImN1aXNpbmVfaWRzIjpbXX19;;;₹100 for one;
Gyan Dhaba;/lucknow/gyan-dhaba-alambagh/order?contextual_menu_params=eyJkaXNoX3NlYXJjaCI6eyJ0aXRsZSI6IkJlc3QgaW4gQ2hpY2tlbiIsImRpc2hfaWRzIjpbIjU1MjgwIl0sImN1aXNpbmVfaWRzIjpbXX19;;;₹200 for one;
Raina's Kitchen;/lucknow/rainas-kitchen-hazratganj/order?contextual_menu_params=eyJkaXNoX3NlYXJjaCI6eyJ0aXRsZSI6IkJlc3QgaW4gQ2hpY2tlbiIsImRpc2hfaWRzIjpbIjU1MjgwIl0sImN1aXNpbmVfaWRzIjpbXX19;;;₹200 for one;
FoodGully By Sarovar;/lucknow/foodgully-by-sarovar-husain-ganj/order?contextual_menu_params=eyJkaXNoX3NlYXJjaCI6eyJ0aXRsZSI6IkJlc3QgaW4gQ2hpY2tlbiIsImRpc2hfaWRzIjpbIjU1MjgwIl0sImN1aXNpbmVfaWRzIjpbXX19;;;₹400 for one;
UBQ by Barbeque Nation;/lucknow/ubq-by-barbeque-nation-gomti-nagar/order?contextual_menu_params=eyJkaXNoX3NlYXJjaCI6eyJ0aXRsZSI6IkJlc3QgaW4gQ2hpY2tlbiIsImRpc2hfaWRzIjpbIjU1MjgwIl0sImN1aXNpbmVfaWRzIjpbXX19;;;₹350 for one;
Oven Story Pizza - Standout Toppings;/lucknow/oven-story-pizza-standout-toppings-hazratganj/order?contextual_menu_params=eyJkaXNoX3NlYXJjaCI6eyJ0aXRsZSI6IkJlc3QgaW4gQ2hpY2tlbiIsImRpc2hfaWRzIjpbIjU1MjgwIl0sImN1aXNpbmVfaWRzIjpbXX19;;;₹250 for one;
Skyotel - By Royal Sky;/lucknow/skyotel-by-royal-sky-hazratganj/order?contextual_menu_params=eyJkaXNoX3NlYXJjaCI6eyJ0aXRsZSI6IkJlc3QgaW4gQ2hpY2tlbiIsImRpc2hfaWRzIjpbIjU1MjgwIl0sImN1aXNpbmVfaWRzIjpbXX19;;;₹400 for one;
Wat-a-Burger! - India ka Burger;/lucknow/wat-a-burger-india-ka-burger-hazratganj/order?contextual_menu_params=eyJkaXNoX3NlYXJjaCI6eyJ0aXRsZSI6IkJlc3QgaW4gQ2hpY2tlbiIsImRpc2hfaWRzIjpbIjU1MjgwIl0sImN1aXNpbmVfaWRzIjpbXX19;;;₹200 for one;
Taste The Best;/lucknow/taste-the-best-aashiana/order?contextual_menu_params=eyJkaXNoX3NlYXJjaCI6eyJ0aXRsZSI6IkJlc3QgaW4gQ2hpY2tlbiIsImRpc2hfaWRzIjpbIjU1MjgwIl0sImN1aXNpbmVfaWRzIjpbXX19;;;₹200 for one;
Di Di Foods;/lucknow/di-di-foods-aishbagh/order?contextual_menu_params=eyJkaXNoX3NlYXJjaCI6eyJ0aXRsZSI6IkJlc3QgaW4gQ2hpY2tlbiIsImRpc2hfaWRzIjpbIjU1MjgwIl0sImN1aXNpbmVfaWRzIjpbXX19;;;₹150 for one;
Raheem's Kulcha Nahari;/lucknow/raheems-kulcha-nahari-chowk/order?contextual_menu_params=eyJkaXNoX3NlYXJjaCI6eyJ0aXRsZSI6IkJlc3QgaW4gQ2hpY2tlbiIsImRpc2hfaWRzIjpbIjU1MjgwIl0sImN1aXNpbmVfaWRzIjpbXX19;;;₹200 for one;
Hotel Shelter;/lucknow/hotel-shelter-1-charbagh/order?contextual_menu_params=eyJkaXNoX3NlYXJjaCI6eyJ0aXRsZSI6IkJlc3QgaW4gQ2hpY2tlbiIsImRpc2hfaWRzIjpbIjU1MjgwIl0sImN1aXNpbmVfaWRzIjpbXX19;;;₹200 for one;
Wendy's Burgers;/lucknow/wendys-burgers-hazratganj/order?contextual_menu_params=eyJkaXNoX3NlYXJjaCI6eyJ0aXRsZSI6IkJlc3QgaW4gQ2hpY2tlbiIsImRpc2hfaWRzIjpbIjU1MjgwIl0sImN1aXNpbmVfaWRzIjpbXX19;;;₹200 for one;
The Biryani Life;/lucknow/the-biryani-life-hazratganj/order?contextual_menu_params=eyJkaXNoX3NlYXJjaCI6eyJ0aXRsZSI6IkJlc3QgaW4gQ2hpY2tlbiIsImRpc2hfaWRzIjpbIjU1MjgwIl0sImN1aXNpbmVfaWRzIjpbXX19;;;₹200 for one;
Heart In The Kitchen;/lucknow/heart-in-the-kitchen-1-shekhpur/order?contextual_menu_params=eyJkaXNoX3NlYXJjaCI6eyJ0aXRsZSI6IkJlc3QgaW4gQ2hpY2tlbiIsImRpc2hfaWRzIjpbIjU1MjgwIl0sImN1aXNpbmVfaWRzIjpbXX19;;;₹150 for one;
Pizzaport & Cafe;/lucknow/pizzaport-cafe-aliganj/order?contextual_menu_params=eyJkaXNoX3NlYXJjaCI6eyJ0aXRsZSI6IkJlc3QgaW4gQ2hpY2tlbiIsImRpc2hfaWRzIjpbIjU1MjgwIl0sImN1aXNpbmVfaWRzIjpbXX19;;;₹250 for one;
The Desi Zayka;/lucknow/the-desi-zayka-1-chowk/order?contextual_menu_params=eyJkaXNoX3NlYXJjaCI6eyJ0aXRsZSI6IkJlc3QgaW4gQ2hpY2tlbiIsImRpc2hfaWRzIjpbIjU1MjgwIl0sImN1aXNpbmVfaWRzIjpbXX19;;;₹250 for one;
The Chocolate Room;/lucknow/the-chocolate-room-hazratganj/order?contextual_menu_params=eyJkaXNoX3NlYXJjaCI6eyJ0aXRsZSI6IkJlc3QgaW4gQ2hpY2tlbiIsImRpc2hfaWRzIjpbIjU1MjgwIl0sImN1aXNpbmVfaWRzIjpbXX19;;;₹250 for one;
Awadh Food Point Homemade;/lucknow/awadh-food-point-homemade-shekhpur/order?contextual_menu_params=eyJkaXNoX3NlYXJjaCI6eyJ0aXRsZSI6IkJlc3QgaW4gQ2hpY2tlbiIsImRpc2hfaWRzIjpbIjU1MjgwIl0sImN1aXNpbmVfaWRzIjpbXX19;;;₹250 for one;
Hungry Hut;/lucknow/hungry-hut-charbagh/order?contextual_menu_params=eyJkaXNoX3NlYXJjaCI6eyJ0aXRsZSI6IkJlc3QgaW4gQ2hpY2tlbiIsImRpc2hfaWRzIjpbIjU1MjgwIl0sImN1aXNpbmVfaWRzIjpbXX19;;;₹250 for one;
Skyhilton;/lucknow/skyhilton-1-alambagh/order?contextual_menu_params=eyJkaXNoX3NlYXJjaCI6eyJ0aXRsZSI6IkJlc3QgaW4gQ2hpY2tlbiIsImRpc2hfaWRzIjpbIjU1MjgwIl0sImN1aXNpbmVfaWRzIjpbXX19;;;₹250 for one;
The Marigold - Fine Dine Restaurant;/lucknow/the-marigold-fine-dine-restaurant-2-aashiana/order?contextual_menu_params=eyJkaXNoX3NlYXJjaCI6eyJ0aXRsZSI6IkJlc3QgaW4gQ2hpY2tlbiIsImRpc2hfaWRzIjpbIjU1MjgwIl0sImN1aXNpbmVfaWRzIjpbXX19;;;₹250 for one;
Timpano;/lucknow/timpano-nishatganj/order?contextual_menu_params=eyJkaXNoX3NlYXJjaCI6eyJ0aXRsZSI6IkJlc3QgaW4gQ2hpY2tlbiIsImRpc2hfaWRzIjpbIjU1MjgwIl0sImN1aXNpbmVfaWRzIjpbXX19;;;₹250 for one;
Togo's Momo;/lucknow/togos-momo-aashiana/order?contextual_menu_params=eyJkaXNoX3NlYXJjaCI6eyJ0aXRsZSI6IkJlc3QgaW4gQ2hpY2tlbiIsImRpc2hfaWRzIjpbIjU1MjgwIl0sImN1aXNpbmVfaWRzIjpbXX19;;;₹250 for one;
Al ASR Fried Chicken;/lucknow/al-asr-fried-chicken-aminabad/order?contextual_menu_params=eyJkaXNoX3NlYXJjaCI6eyJ0aXRsZSI6IkJlc3QgaW4gQ2hpY2tlbiIsImRpc2hfaWRzIjpbIjU1MjgwIl0sImN1aXNpbmVfaWRzIjpbXX19;;;₹250 for one;
Sher E Punjab;/lucknow/sher-e-punjab-1-aliganj/order?contextual_menu_params=eyJkaXNoX3NlYXJjaCI6eyJ0aXRsZSI6IkJlc3QgaW4gQ2hpY2tlbiIsImRpc2hfaWRzIjpbIjU1MjgwIl0sImN1aXNpbmVfaWRzIjpbXX19;;;₹250 for one;
Burger Point;/lucknow/burger-point-hazratganj/order?contextual_menu_params=eyJkaXNoX3NlYXJjaCI6eyJ0aXRsZSI6IkJlc3QgaW4gQ2hpY2tlbiIsImRpc2hfaWRzIjpbIjU1MjgwIl0sImN1aXNpbmVfaWRzIjpbXX19;;;₹250 for one;
Hot Chill - Bar & Restaurant;/lucknow/hot-chill-bar-restaurant-aashiana/order?contextual_menu_params=eyJkaXNoX3NlYXJjaCI6eyJ0aXRsZSI6IkJlc3QgaW4gQ2hpY2tlbiIsImRpc2hfaWRzIjpbIjU1MjgwIl0sImN1aXNpbmVfaWRzIjpbXX19;;;₹250 for one;
Copper Plate;/lucknow/copper-plate-aminabad/order?contextual_menu_params=eyJkaXNoX3NlYXJjaCI6eyJ0aXRsZSI6IkJlc3QgaW4gQ2hpY2tlbiIsImRpc2hfaWRzIjpbIjU1MjgwIl0sImN1aXNpbmVfaWRzIjpbXX19;;;₹250 for one;
Orchid - Fortune Park BBD;/lucknow/orchid-fortune-park-bbd-hazratganj/order?contextual_menu_params=eyJkaXNoX3NlYXJjaCI6eyJ0aXRsZSI6IkJlc3QgaW4gQ2hpY2tlbiIsImRpc2hfaWRzIjpbIjU1MjgwIl0sImN1aXNpbmVfaWRzIjpbXX19;;;₹250 for one;
Dinin' Delight;/lucknow/dinin-delight-aishbagh/order?contextual_menu_params=eyJkaXNoX3NlYXJjaCI6eyJ0aXRsZSI6IkJlc3QgaW4gQ2hpY2tlbiIsImRpc2hfaWRzIjpbIjU1MjgwIl0sImN1aXNpbmVfaWRzIjpbXX19;;;₹250 for one;
Burger Point;/lucknow/burger-point-alambagh/order?contextual_menu_params=eyJkaXNoX3NlYXJjaCI6eyJ0aXRsZSI6IkJlc3QgaW4gQ2hpY2tlbiIsImRpc2hfaWRzIjpbIjU1MjgwIl0sImN1aXNpbmVfaWRzIjpbXX19;;;₹250 for one;
Noodle Station;/lucknow/noodle-station-1-alambagh/order?contextual_menu_params=eyJkaXNoX3NlYXJjaCI6eyJ0aXRsZSI6IkJlc3QgaW4gQ2hpY2tlbiIsImRpc2hfaWRzIjpbIjU1MjgwIl0sImN1aXNpbmVfaWRzIjpbXX19;;;₹250 for one;
Z Food Life;/lucknow/z-food-life-chowk/order?contextual_menu_params=eyJkaXNoX3NlYXJjaCI6eyJ0aXRsZSI6IkJlc3QgaW4gQ2hpY2tlbiIsImRpc2hfaWRzIjpbIjU1MjgwIl0sImN1aXNpbmVfaWRzIjpbXX19;;;₹250 for one;
Biryani Mahal;/lucknow/biryani-mahal-1-husain-ganj/order?contextual_menu_params=eyJkaXNoX3NlYXJjaCI6eyJ0aXRsZSI6IkJlc3QgaW4gQ2hpY2tlbiIsImRpc2hfaWRzIjpbIjU1MjgwIl0sImN1aXNpbmVfaWRzIjpbXX19;;;₹250 for one;
Hudson Chopsticks - Fresh Chinese;/lucknow/hudson-chopsticks-fresh-chinese-alambagh/order?contextual_menu_params=eyJkaXNoX3NlYXJjaCI6eyJ0aXRsZSI6IkJlc3QgaW4gQ2hpY2tlbiIsImRpc2hfaWRzIjpbIjU1MjgwIl0sImN1aXNpbmVfaWRzIjpbXX19;;;₹250 for one;
Level 1;/lucknow/level-1-hazratganj/order?contextual_menu_params=eyJkaXNoX3NlYXJjaCI6eyJ0aXRsZSI6IkJlc3QgaW4gQ2hpY2tlbiIsImRpc2hfaWRzIjpbIjU1MjgwIl0sImN1aXNpbmVfaWRzIjpbXX19;;;₹250 for one;
The Quick Bites - Cloud Kitchen;/lucknow/the-quick-bites-cloud-kitchen-chowk/order?contextual_menu_params=eyJkaXNoX3NlYXJjaCI6eyJ0aXRsZSI6IkJlc3QgaW4gQ2hpY2tlbiIsImRpc2hfaWRzIjpbIjU1MjgwIl0sImN1aXNpbmVfaWRzIjpbXX19;;;₹250 for one;
Chinese Kitchen;/lucknow/chinese-kitchen-hazratganj/order?contextual_menu_params=eyJkaXNoX3NlYXJjaCI6eyJ0aXRsZSI6IkJlc3QgaW4gQ2hpY2tlbiIsImRpc2hfaWRzIjpbIjU1MjgwIl0sImN1aXNpbmVfaWRzIjpbXX19;;;₹250 for one;
Saucy Bites;/lucknow/saucy-bites-nishatganj/order?contextual_menu_params=eyJkaXNoX3NlYXJjaCI6eyJ0aXRsZSI6IkJlc3QgaW4gQ2hpY2tlbiIsImRpc2hfaWRzIjpbIjU1MjgwIl0sImN1aXNpbmVfaWRzIjpbXX19;;;₹250 for one;
Let's Bake Stories;/lucknow/lets-bake-stories-hazratganj/order?contextual_menu_params=eyJkaXNoX3NlYXJjaCI6eyJ0aXRsZSI6IkJlc3QgaW4gQ2hpY2tlbiIsImRpc2hfaWRzIjpbIjU1MjgwIl0sImN1aXNpbmVfaWRzIjpbXX19;;;₹250 for one;
Bhargavas Restaurant Banquet;/lucknow/bhargavas-restaurant-banquet-1-aashiana/order?contextual_menu_params=eyJkaXNoX3NlYXJjaCI6eyJ0aXRsZSI6IkJlc3QgaW4gQ2hpY2tlbiIsImRpc2hfaWRzIjpbIjU1MjgwIl0sImN1aXNpbmVfaWRzIjpbXX19;;;₹250 for one;
On High - Hotel Silvete;/lucknow/on-high-hotel-silvete-hazratganj/order?contextual_menu_params=eyJkaXNoX3NlYXJjaCI6eyJ0aXRsZSI6IkJlc3QgaW4gQ2hpY2tlbiIsImRpc2hfaWRzIjpbIjU1MjgwIl0sImN1aXNpbmVfaWRzIjpbXX19;;;₹250 for one;
Mirzya Kitchen;/lucknow/mirzya-kitchen-kaiserbagh/order?contextual_menu_params=eyJkaXNoX3NlYXJjaCI6eyJ0aXRsZSI6IkJlc3QgaW4gQ2hpY2tlbiIsImRpc2hfaWRzIjpbIjU1MjgwIl0sImN1aXNpbmVfaWRzIjpbXX19;;;₹250 for one;
The Kalika Hut;/lucknow/the-kalika-hut-indira-nagar/order?contextual_menu_params=eyJkaXNoX3NlYXJjaCI6eyJ0aXRsZSI6IkJlc3QgaW4gQ2hpY2tlbiIsImRpc2hfaWRzIjpbIjU1MjgwIl0sImN1aXNpbmVfaWRzIjpbXX19;;;₹250 for one;
The Butter Chick;/lucknow/the-butter-chick-alambagh/order?contextual_menu_params=eyJkaXNoX3NlYXJjaCI6eyJ0aXRsZSI6IkJlc3QgaW4gQ2hpY2tlbiIsImRpc2hfaWRzIjpbIjU1MjgwIl0sImN1aXNpbmVfaWRzIjpbXX19;;;₹250 for one;
Tandoori Tadka;/lucknow/tandoori-tadka-alambagh/order?contextual_menu_params=eyJkaXNoX3NlYXJjaCI6eyJ0aXRsZSI6IkJlc3QgaW4gQ2hpY2tlbiIsImRpc2hfaWRzIjpbIjU1MjgwIl0sImN1aXNpbmVfaWRzIjpbXX19;;;₹250 for one;
Lazeez;/lucknow/lazeez-chowk/order?contextual_menu_params=eyJkaXNoX3NlYXJjaCI6eyJ0aXRsZSI6IkJlc3QgaW4gQ2hpY2tlbiIsImRpc2hfaWRzIjpbIjU1MjgwIl0sImN1aXNpbmVfaWRzIjpbXX19;;;₹250 for one;
Kabila;/lucknow/kabila-hazratganj/order?contextual_menu_params=eyJkaXNoX3NlYXJjaCI6eyJ0aXRsZSI6IkJlc3QgaW4gQ2hpY2tlbiIsImRpc2hfaWRzIjpbIjU1MjgwIl0sImN1aXNpbmVfaWRzIjpbXX19;;;₹250 for one;
La Pino'z Pizza;/lucknow/la-pinoz-pizza-1-alambagh/order?contextual_menu_params=eyJkaXNoX3NlYXJjaCI6eyJ0aXRsZSI6IkJlc3QgaW4gQ2hpY2tlbiIsImRpc2hfaWRzIjpbIjU1MjgwIl0sImN1aXNpbmVfaWRzIjpbXX19;;;₹250 for one;
Makhani Darbar;/lucknow/makhani-darbar-hazratganj/order?contextual_menu_params=eyJkaXNoX3NlYXJjaCI6eyJ0aXRsZSI6IkJlc3QgaW4gQ2hpY2tlbiIsImRpc2hfaWRzIjpbIjU1MjgwIl0sImN1aXNpbmVfaWRzIjpbXX19;;;₹250 for one;
Muradabadi Chicken Biryani;/lucknow/muradabadi-chicken-biryani-1-chowk/order?contextual_menu_params=eyJkaXNoX3NlYXJjaCI6eyJ0aXRsZSI6IkJlc3QgaW4gQ2hpY2tlbiIsImRpc2hfaWRzIjpbIjU1MjgwIl0sImN1aXNpbmVfaWRzIjpbXX19;;;₹150 for one;
Delisia- A Unit Of Hotel Myriad;/lucknow/delisia-a-unit-of-hotel-myriad-husain-ganj/order?contextual_menu_params=eyJkaXNoX3NlYXJjaCI6eyJ0aXRsZSI6IkJlc3QgaW4gQ2hpY2tlbiIsImRpc2hfaWRzIjpbIjU1MjgwIl0sImN1aXNpbmVfaWRzIjpbXX19;;;₹150 for one;
The Peddler's;/lucknow/the-peddlers-hazratganj/order?contextual_menu_params=eyJkaXNoX3NlYXJjaCI6eyJ0aXRsZSI6IkJlc3QgaW4gQ2hpY2tlbiIsImRpc2hfaWRzIjpbIjU1MjgwIl0sImN1aXNpbmVfaWRzIjpbXX19;;;₹150 for one;
The Grill Chill;/lucknow/the-grill-chill-mahanagar/order?contextual_menu_params=eyJkaXNoX3NlYXJjaCI6eyJ0aXRsZSI6IkJlc3QgaW4gQ2hpY2tlbiIsImRpc2hfaWRzIjpbIjU1MjgwIl0sImN1aXNpbmVfaWRzIjpbXX19;;;₹150 for one;
Tafri Apna Cafeteria;/lucknow/tafri-apna-cafeteria-nirala-nagar/order?contextual_menu_params=eyJkaXNoX3NlYXJjaCI6eyJ0aXRsZSI6IkJlc3QgaW4gQ2hpY2tlbiIsImRpc2hfaWRzIjpbIjU1MjgwIl0sImN1aXNpbmVfaWRzIjpbXX19;;;₹150 for one;
SkyLords;/lucknow/skylords-3-mahanagar/order?contextual_menu_params=eyJkaXNoX3NlYXJjaCI6eyJ0aXRsZSI6IkJlc3QgaW4gQ2hpY2tlbiIsImRpc2hfaWRzIjpbIjU1MjgwIl0sImN1aXNpbmVfaWRzIjpbXX19;;;₹150 for one;
Burizza By Burger Point;/lucknow/burizza-by-burger-point-rajajipuram/order?contextual_menu_params=eyJkaXNoX3NlYXJjaCI6eyJ0aXRsZSI6IkJlc3QgaW4gQ2hpY2tlbiIsImRpc2hfaWRzIjpbIjU1MjgwIl0sImN1aXNpbmVfaWRzIjpbXX19;;;₹150 for one;
Redbox Pizza;/lucknow/redbox-pizza-3-nirala-nagar/order?contextual_menu_params=eyJkaXNoX3NlYXJjaCI6eyJ0aXRsZSI6IkJlc3QgaW4gQ2hpY2tlbiIsImRpc2hfaWRzIjpbIjU1MjgwIl0sImN1aXNpbmVfaWRzIjpbXX19;;;₹150 for one;
Pop Chicka;/lucknow/pop-chicka-nirala-nagar/order?contextual_menu_params=eyJkaXNoX3NlYXJjaCI6eyJ0aXRsZSI6IkJlc3QgaW4gQ2hpY2tlbiIsImRpc2hfaWRzIjpbIjU1MjgwIl0sImN1aXNpbmVfaWRzIjpbXX19;;;₹150 for one;
Ghar Ka Swad;/lucknow/ghar-ka-swad-shekhpur/order?contextual_menu_params=eyJkaXNoX3NlYXJjaCI6eyJ0aXRsZSI6IkJlc3QgaW4gQ2hpY2tlbiIsImRpc2hfaWRzIjpbIjU1MjgwIl0sImN1aXNpbmVfaWRzIjpbXX19;;;₹150 for one;
The Himalayan Cafe;/lucknow/the-himalayan-cafe-aliganj/order?contextual_menu_params=eyJkaXNoX3NlYXJjaCI6eyJ0aXRsZSI6IkJlc3QgaW4gQ2hpY2tlbiIsImRpc2hfaWRzIjpbIjU1MjgwIl0sImN1aXNpbmVfaWRzIjpbXX19;;;₹150 for one;
Suhail Nonveg Corner;/lucknow/suhail-nonveg-corner-sapru-marg/order?contextual_menu_params=eyJkaXNoX3NlYXJjaCI6eyJ0aXRsZSI6IkJlc3QgaW4gQ2hpY2tlbiIsImRpc2hfaWRzIjpbIjU1MjgwIl0sImN1aXNpbmVfaWRzIjpbXX19;;;₹150 for one;
1936 - Saraca Lucknow;/lucknow/1936-saraca-lucknow-sapru-marg/order?contextual_menu_params=eyJkaXNoX3NlYXJjaCI6eyJ0aXRsZSI6IkJlc3QgaW4gQ2hpY2tlbiIsImRpc2hfaWRzIjpbIjU1MjgwIl0sImN1aXNpbmVfaWRzIjpbXX19;;;₹1,450 for one;
The Pizza Project By Oven Story;/lucknow/the-pizza-project-by-oven-story-hazratganj/order?contextual_menu_params=eyJkaXNoX3NlYXJjaCI6eyJ0aXRsZSI6IkJlc3QgaW4gQ2hpY2tlbiIsImRpc2hfaWRzIjpbIjU1MjgwIl0sImN1aXNpbmVfaWRzIjpbXX19;;;₹100 for one;
Jahangirs  Hotels Non Veg & Veg;/lucknow/jahangirs-hotels-non-veg-veg-mahanagar/order?contextual_menu_params=eyJkaXNoX3NlYXJjaCI6eyJ0aXRsZSI6IkJlc3QgaW4gQ2hpY2tlbiIsImRpc2hfaWRzIjpbIjU1MjgwIl0sImN1aXNpbmVfaWRzIjpbXX19;;;₹150 for one;
Zayeka Ghar Ka;/lucknow/zayeka-ghar-ka-shekhpur/order?contextual_menu_params=eyJkaXNoX3NlYXJjaCI6eyJ0aXRsZSI6IkJlc3QgaW4gQ2hpY2tlbiIsImRpc2hfaWRzIjpbIjU1MjgwIl0sImN1aXNpbmVfaWRzIjpbXX19;;;₹100 for one;
Bhukkad Bhau;/lucknow/bhukkad-bhau-triveni-nagar/order?contextual_menu_params=eyJkaXNoX3NlYXJjaCI6eyJ0aXRsZSI6IkJlc3QgaW4gQ2hpY2tlbiIsImRpc2hfaWRzIjpbIjU1MjgwIl0sImN1aXNpbmVfaWRzIjpbXX19;;;₹100 for one;
Noodle Station;/lucknow/noodle-station-9-alambagh/order?contextual_menu_params=eyJkaXNoX3NlYXJjaCI6eyJ0aXRsZSI6IkJlc3QgaW4gQ2hpY2tlbiIsImRpc2hfaWRzIjpbIjU1MjgwIl0sImN1aXNpbmVfaWRzIjpbXX19;;;₹200 for one;
Shaahi Daawat;/lucknow/shaahi-daawat-alambagh/order?contextual_menu_params=eyJkaXNoX3NlYXJjaCI6eyJ0aXRsZSI6IkJlc3QgaW4gQ2hpY2tlbiIsImRpc2hfaWRzIjpbIjU1MjgwIl0sImN1aXNpbmVfaWRzIjpbXX19;;;₹100 for one;
Ghar Ki Rasoi;/lucknow/ghar-ki-rasoi-shekhpur/order?contextual_menu_params=eyJkaXNoX3NlYXJjaCI6eyJ0aXRsZSI6IkJlc3QgaW4gQ2hpY2tlbiIsImRpc2hfaWRzIjpbIjU1MjgwIl0sImN1aXNpbmVfaWRzIjpbXX19;;;₹100 for one;
Ghar Ka Khana;/lucknow/ghar-ka-khana-7-chowk/order?contextual_menu_params=eyJkaXNoX3NlYXJjaCI6eyJ0aXRsZSI6IkJlc3QgaW4gQ2hpY2tlbiIsImRpc2hfaWRzIjpbIjU1MjgwIl0sImN1aXNpbmVfaWRzIjpbXX19;;;₹100 for one;
Globe Bakers And Cafe;/lucknow/globe-bakers-and-cafe-nishatganj/order?contextual_menu_params=eyJkaXNoX3NlYXJjaCI6eyJ0aXRsZSI6IkJlc3QgaW4gQ2hpY2tlbiIsImRpc2hfaWRzIjpbIjU1MjgwIl0sImN1aXNpbmVfaWRzIjpbXX19;;;₹250 for one;
Ranbirs;/lucknow/ranbirs-alambagh/order?contextual_menu_params=eyJkaXNoX3NlYXJjaCI6eyJ0aXRsZSI6IkJlc3QgaW4gQ2hpY2tlbiIsImRpc2hfaWRzIjpbIjU1MjgwIl0sImN1aXNpbmVfaWRzIjpbXX19;;;₹200 for one;
Ashar Fry Chicken;/lucknow/ashar-fry-chicken-nishatganj/order?contextual_menu_params=eyJkaXNoX3NlYXJjaCI6eyJ0aXRsZSI6IkJlc3QgaW4gQ2hpY2tlbiIsImRpc2hfaWRzIjpbIjU1MjgwIl0sImN1aXNpbmVfaWRzIjpbXX19;;;₹200 for one;
D' Cafe Caribbean;/lucknow/d-cafe-caribbean-husain-ganj/order?contextual_menu_params=eyJkaXNoX3NlYXJjaCI6eyJ0aXRsZSI6IkJlc3QgaW4gQ2hpY2tlbiIsImRpc2hfaWRzIjpbIjU1MjgwIl0sImN1aXNpbmVfaWRzIjpbXX19;;;₹400 for one;
Moreish;/lucknow/moreish-alambagh/order?contextual_menu_params=eyJkaXNoX3NlYXJjaCI6eyJ0aXRsZSI6IkJlc3QgaW4gQ2hpY2tlbiIsImRpc2hfaWRzIjpbIjU1MjgwIl0sImN1aXNpbmVfaWRzIjpbXX19;;;₹300 for one;
Best Choice Of Awadh;/lucknow/best-choice-of-awadh-kanpur-road/order?contextual_menu_params=eyJkaXNoX3NlYXJjaCI6eyJ0aXRsZSI6IkJlc3QgaW4gQ2hpY2tlbiIsImRpc2hfaWRzIjpbIjU1MjgwIl0sImN1aXNpbmVfaWRzIjpbXX19;;;₹600 for one;
Aliibaba Veg And Non Veg;/lucknow/aliibaba-veg-and-non-veg-nishatganj/order?contextual_menu_params=eyJkaXNoX3NlYXJjaCI6eyJ0aXRsZSI6IkJlc3QgaW4gQ2hpY2tlbiIsImRpc2hfaWRzIjpbIjU1MjgwIl0sImN1aXNpbmVfaWRzIjpbXX19;;;₹200 for one;
Hot Kitchen;/lucknow/hot-kitchen-sapru-marg/order?contextual_menu_params=eyJkaXNoX3NlYXJjaCI6eyJ0aXRsZSI6IkJlc3QgaW4gQ2hpY2tlbiIsImRpc2hfaWRzIjpbIjU1MjgwIl0sImN1aXNpbmVfaWRzIjpbXX19;;;₹150 for one;
Desi Aroma;/lucknow/desi-aroma-shekhpur/order?contextual_menu_params=eyJkaXNoX3NlYXJjaCI6eyJ0aXRsZSI6IkJlc3QgaW4gQ2hpY2tlbiIsImRpc2hfaWRzIjpbIjU1MjgwIl0sImN1aXNpbmVfaWRzIjpbXX19;;;₹100 for one;
Nirala Kitchen;/lucknow/nirala-kitchen-nirala-nagar/order?contextual_menu_params=eyJkaXNoX3NlYXJjaCI6eyJ0aXRsZSI6IkJlc3QgaW4gQ2hpY2tlbiIsImRpc2hfaWRzIjpbIjU1MjgwIl0sImN1aXNpbmVfaWRzIjpbXX19;;;₹150 for one;
Azra Star Hub;/lucknow/azra-star-hub-chowk/order?contextual_menu_params=eyJkaXNoX3NlYXJjaCI6eyJ0aXRsZSI6IkJlc3QgaW4gQ2hpY2tlbiIsImRpc2hfaWRzIjpbIjU1MjgwIl0sImN1aXNpbmVfaWRzIjpbXX19;;;₹150 for one;
Sadda Vedda By Gurveer Royal;/lucknow/sadda-vedda-by-gurveer-royal-transport-nagar/order?contextual_menu_params=eyJkaXNoX3NlYXJjaCI6eyJ0aXRsZSI6IkJlc3QgaW4gQ2hpY2tlbiIsImRpc2hfaWRzIjpbIjU1MjgwIl0sImN1aXNpbmVfaWRzIjpbXX19;;;₹250 for one;
Shalini Foods;/lucknow/shalini-foods-gomti-nagar/order?contextual_menu_params=eyJkaXNoX3NlYXJjaCI6eyJ0aXRsZSI6IkJlc3QgaW4gQ2hpY2tlbiIsImRpc2hfaWRzIjpbIjU1MjgwIl0sImN1aXNpbmVfaWRzIjpbXX19;;;₹150 for one;
Spice Route;/lucknow/spice-route-husain-ganj/order?contextual_menu_params=eyJkaXNoX3NlYXJjaCI6eyJ0aXRsZSI6IkJlc3QgaW4gQ2hpY2tlbiIsImRpc2hfaWRzIjpbIjU1MjgwIl0sImN1aXNpbmVfaWRzIjpbXX19;;;₹400 for one;
Chef Kitchen;/lucknow/chef-kitchen-alambagh/order?contextual_menu_params=eyJkaXNoX3NlYXJjaCI6eyJ0aXRsZSI6IkJlc3QgaW4gQ2hpY2tlbiIsImRpc2hfaWRzIjpbIjU1MjgwIl0sImN1aXNpbmVfaWRzIjpbXX19;;;₹100 for one;
Chef's Kitchen;/lucknow/chefs-kitchen-alambagh/order?contextual_menu_params=eyJkaXNoX3NlYXJjaCI6eyJ0aXRsZSI6IkJlc3QgaW4gQ2hpY2tlbiIsImRpc2hfaWRzIjpbIjU1MjgwIl0sImN1aXNpbmVfaWRzIjpbXX19;;;₹100 for one;
Mariners' Cafe;/lucknow/mariners-cafe-chowk/order?contextual_menu_params=eyJkaXNoX3NlYXJjaCI6eyJ0aXRsZSI6IkJlc3QgaW4gQ2hpY2tlbiIsImRpc2hfaWRzIjpbIjU1MjgwIl0sImN1aXNpbmVfaWRzIjpbXX19;;;₹100 for one;
Biryaani Raani;/lucknow/biryaani-raani-alambagh/order?contextual_menu_params=eyJkaXNoX3NlYXJjaCI6eyJ0aXRsZSI6IkJlc3QgaW4gQ2hpY2tlbiIsImRpc2hfaWRzIjpbIjU1MjgwIl0sImN1aXNpbmVfaWRzIjpbXX19;;;₹150 for one;
Fauji Champaran Restaurant;/lucknow/fauji-champaran-restaurant-2-aashiana/order?contextual_menu_params=eyJkaXNoX3NlYXJjaCI6eyJ0aXRsZSI6IkJlc3QgaW4gQ2hpY2tlbiIsImRpc2hfaWRzIjpbIjU1MjgwIl0sImN1aXNpbmVfaWRzIjpbXX19;;;₹250 for one;
9191 Cafe & Lounge;/lucknow/9191-cafe-lounge-aliganj/order?contextual_menu_params=eyJkaXNoX3NlYXJjaCI6eyJ0aXRsZSI6IkJlc3QgaW4gQ2hpY2tlbiIsImRpc2hfaWRzIjpbIjU1MjgwIl0sImN1aXNpbmVfaWRzIjpbXX19;;;₹300 for one;
Dum Safar Biryani;/lucknow/dum-safar-biryani-gomti-nagar/order?contextual_menu_params=eyJkaXNoX3NlYXJjaCI6eyJ0aXRsZSI6IkJlc3QgaW4gQ2hpY2tlbiIsImRpc2hfaWRzIjpbIjU1MjgwIl0sImN1aXNpbmVfaWRzIjpbXX19;;;₹150 for one;
Chef Nikhats Kitchen;/lucknow/chef-nikhats-kitchen-rajajipuram/order?contextual_menu_params=eyJkaXNoX3NlYXJjaCI6eyJ0aXRsZSI6IkJlc3QgaW4gQ2hpY2tlbiIsImRpc2hfaWRzIjpbIjU1MjgwIl0sImN1aXNpbmVfaWRzIjpbXX19;;;₹150 for one;
Swad Aapki Rasoi Ka;/lucknow/swad-aapki-rasoi-ka-chowk/order?contextual_menu_params=eyJkaXNoX3NlYXJjaCI6eyJ0aXRsZSI6IkJlc3QgaW4gQ2hpY2tlbiIsImRpc2hfaWRzIjpbIjU1MjgwIl0sImN1aXNpbmVfaWRzIjpbXX19;;;₹100 for one;
Boons Restaurant;/lucknow/boons-restaurant-aliganj/order?contextual_menu_params=eyJkaXNoX3NlYXJjaCI6eyJ0aXRsZSI6IkJlc3QgaW4gQ2hpY2tlbiIsImRpc2hfaWRzIjpbIjU1MjgwIl0sImN1aXNpbmVfaWRzIjpbXX19;;;₹200 for one;
Sauté;/lucknow/sauté-aliganj/order?contextual_menu_params=eyJkaXNoX3NlYXJjaCI6eyJ0aXRsZSI6IkJlc3QgaW4gQ2hpY2tlbiIsImRpc2hfaWRzIjpbIjU1MjgwIl0sImN1aXNpbmVfaWRzIjpbXX19;;;₹450 for one;
The Crypto Doors;/lucknow/the-crypto-doors-mahanagar/order?contextual_menu_params=eyJkaXNoX3NlYXJjaCI6eyJ0aXRsZSI6IkJlc3QgaW4gQ2hpY2tlbiIsImRpc2hfaWRzIjpbIjU1MjgwIl0sImN1aXNpbmVfaWRzIjpbXX19;;;₹200 for one;
Awaadh Biryani House;/lucknow/awaadh-biryani-house-mahanagar/order?contextual_menu_params=eyJkaXNoX3NlYXJjaCI6eyJ0aXRsZSI6IkJlc3QgaW4gQ2hpY2tlbiIsImRpc2hfaWRzIjpbIjU1MjgwIl0sImN1aXNpbmVfaWRzIjpbXX19;;;₹100 for one;
Cumin & Curry;/lucknow/cumin-curry-alambagh/order?contextual_menu_params=eyJkaXNoX3NlYXJjaCI6eyJ0aXRsZSI6IkJlc3QgaW4gQ2hpY2tlbiIsImRpc2hfaWRzIjpbIjU1MjgwIl0sImN1aXNpbmVfaWRzIjpbXX19;;;₹200 for one;
AK Laziz Food Hub;/lucknow/ak-laziz-food-hub-chowk/order?contextual_menu_params=eyJkaXNoX3NlYXJjaCI6eyJ0aXRsZSI6IkJlc3QgaW4gQ2hpY2tlbiIsImRpc2hfaWRzIjpbIjU1MjgwIl0sImN1aXNpbmVfaWRzIjpbXX19;;;₹200 for one;
Sicily Cafe & Dine In;/lucknow/sicily-cafe-dine-in-hazratganj/order?contextual_menu_params=eyJkaXNoX3NlYXJjaCI6eyJ0aXRsZSI6IkJlc3QgaW4gQ2hpY2tlbiIsImRpc2hfaWRzIjpbIjU1MjgwIl0sImN1aXNpbmVfaWRzIjpbXX19;;;₹550 for one;
Tee Jay's Cafe & Restaurant;/lucknow/tee-jays-cafe-restaurant-mahanagar/order?contextual_menu_params=eyJkaXNoX3NlYXJjaCI6eyJ0aXRsZSI6IkJlc3QgaW4gQ2hpY2tlbiIsImRpc2hfaWRzIjpbIjU1MjgwIl0sImN1aXNpbmVfaWRzIjpbXX19;;;₹250 for one;
Golden Court Cafe & Restaurant;/lucknow/golden-court-cafe-restaurant-mahanagar/order?contextual_menu_params=eyJkaXNoX3NlYXJjaCI6eyJ0aXRsZSI6IkJlc3QgaW4gQ2hpY2tlbiIsImRpc2hfaWRzIjpbIjU1MjgwIl0sImN1aXNpbmVfaWRzIjpbXX19;;;₹500 for one;
Nice Online Food Service;/lucknow/nice-online-food-service-shekhpur/order?contextual_menu_params=eyJkaXNoX3NlYXJjaCI6eyJ0aXRsZSI6IkJlc3QgaW4gQ2hpY2tlbiIsImRpc2hfaWRzIjpbIjU1MjgwIl0sImN1aXNpbmVfaWRzIjpbXX19;;;₹100 for one;
Taste Of House;/lucknow/taste-of-house-shekhpur/order?contextual_menu_params=eyJkaXNoX3NlYXJjaCI6eyJ0aXRsZSI6IkJlc3QgaW4gQ2hpY2tlbiIsImRpc2hfaWRzIjpbIjU1MjgwIl0sImN1aXNpbmVfaWRzIjpbXX19;;;₹100 for one;
Tainoor Veg & Non Veg Hub;/lucknow/tainoor-veg-non-veg-hub-1-chowk/order?contextual_menu_params=eyJkaXNoX3NlYXJjaCI6eyJ0aXRsZSI6IkJlc3QgaW4gQ2hpY2tlbiIsImRpc2hfaWRzIjpbIjU1MjgwIl0sImN1aXNpbmVfaWRzIjpbXX19;;;₹100 for one;
Pizza Cafe Day;/lucknow/pizza-cafe-day-nirala-nagar/order?contextual_menu_params=eyJkaXNoX3NlYXJjaCI6eyJ0aXRsZSI6IkJlc3QgaW4gQ2hpY2tlbiIsImRpc2hfaWRzIjpbIjU1MjgwIl0sImN1aXNpbmVfaWRzIjpbXX19;;;₹150 for one;
AL Baik Delights;/lucknow/al-baik-delights-aashiana/order?contextual_menu_params=eyJkaXNoX3NlYXJjaCI6eyJ0aXRsZSI6IkJlc3QgaW4gQ2hpY2tlbiIsImRpc2hfaWRzIjpbIjU1MjgwIl0sImN1aXNpbmVfaWRzIjpbXX19;;;₹100 for one;
Spice Club;/lucknow/spice-club-alambagh/order?contextual_menu_params=eyJkaXNoX3NlYXJjaCI6eyJ0aXRsZSI6IkJlc3QgaW4gQ2hpY2tlbiIsImRpc2hfaWRzIjpbIjU1MjgwIl0sImN1aXNpbmVfaWRzIjpbXX19;;;₹200 for one;
The Lucknow Rolls Point;/lucknow/the-lucknow-rolls-point-lalbagh/order?contextual_menu_params=eyJkaXNoX3NlYXJjaCI6eyJ0aXRsZSI6IkJlc3QgaW4gQ2hpY2tlbiIsImRpc2hfaWRzIjpbIjU1MjgwIl0sImN1aXNpbmVfaWRzIjpbXX19;;;₹100 for one;
City's Dhaaba Veg And Non Veg Restaurant;/lucknow/citys-dhaaba-veg-and-non-veg-restaurant-nishatganj/order?contextual_menu_params=eyJkaXNoX3NlYXJjaCI6eyJ0aXRsZSI6IkJlc3QgaW4gQ2hpY2tlbiIsImRpc2hfaWRzIjpbIjU1MjgwIl0sImN1aXNpbmVfaWRzIjpbXX19;;;₹200 for one;
Between The Breads;/lucknow/between-the-breads-1-aashiana/order?contextual_menu_params=eyJkaXNoX3NlYXJjaCI6eyJ0aXRsZSI6IkJlc3QgaW4gQ2hpY2tlbiIsImRpc2hfaWRzIjpbIjU1MjgwIl0sImN1aXNpbmVfaWRzIjpbXX19;;;₹200 for one;
NutriPlate India;/lucknow/nutriplate-india-mahanagar/order?contextual_menu_params=eyJkaXNoX3NlYXJjaCI6eyJ0aXRsZSI6IkJlc3QgaW4gQ2hpY2tlbiIsImRpc2hfaWRzIjpbIjU1MjgwIl0sImN1aXNpbmVfaWRzIjpbXX19;;;₹150 for one;
Nutritionin;/lucknow/nutritionin-mahanagar/order?contextual_menu_params=eyJkaXNoX3NlYXJjaCI6eyJ0aXRsZSI6IkJlc3QgaW4gQ2hpY2tlbiIsImRpc2hfaWRzIjpbIjU1MjgwIl0sImN1aXNpbmVfaWRzIjpbXX19;;;₹200 for one;
Lucknowi Zaiqa;/lucknow/lucknowi-zaiqa-alambagh/order?contextual_menu_params=eyJkaXNoX3NlYXJjaCI6eyJ0aXRsZSI6IkJlc3QgaW4gQ2hpY2tlbiIsImRpc2hfaWRzIjpbIjU1MjgwIl0sImN1aXNpbmVfaWRzIjpbXX19;;;₹200 for one;
Momo King;/lucknow/momo-king-aliganj/order?contextual_menu_params=eyJkaXNoX3NlYXJjaCI6eyJ0aXRsZSI6IkJlc3QgaW4gQ2hpY2tlbiIsImRpc2hfaWRzIjpbIjU1MjgwIl0sImN1aXNpbmVfaWRzIjpbXX19;;;₹200 for one;
Brother's  Non Veg  Point;/lucknow/brothers-non-veg-point-hazratganj/order?contextual_menu_params=eyJkaXNoX3NlYXJjaCI6eyJ0aXRsZSI6IkJlc3QgaW4gQ2hpY2tlbiIsImRpc2hfaWRzIjpbIjU1MjgwIl0sImN1aXNpbmVfaWRzIjpbXX19;;;₹200 for one;
The Burger Company;/lucknow/the-burger-company-alambagh/order?contextual_menu_params=eyJkaXNoX3NlYXJjaCI6eyJ0aXRsZSI6IkJlc3QgaW4gQ2hpY2tlbiIsImRpc2hfaWRzIjpbIjU1MjgwIl0sImN1aXNpbmVfaWRzIjpbXX19;;;₹150 for one;
Amritsari Haveli;/lucknow/amritsari-haveli-aliganj/order?contextual_menu_params=eyJkaXNoX3NlYXJjaCI6eyJ0aXRsZSI6IkJlc3QgaW4gQ2hpY2tlbiIsImRpc2hfaWRzIjpbIjU1MjgwIl0sImN1aXNpbmVfaWRzIjpbXX19;;;₹400 for one;
Al-Shakiess & More;/lucknow/al-shakiess-more-nirala-nagar/order?contextual_menu_params=eyJkaXNoX3NlYXJjaCI6eyJ0aXRsZSI6IkJlc3QgaW4gQ2hpY2tlbiIsImRpc2hfaWRzIjpbIjU1MjgwIl0sImN1aXNpbmVfaWRzIjpbXX19;;;₹200 for one;
Noor Zaika Muradabad Biryani;/lucknow/noor-zaika-muradabad-biryani-kaiserbagh/order?contextual_menu_params=eyJkaXNoX3NlYXJjaCI6eyJ0aXRsZSI6IkJlc3QgaW4gQ2hpY2tlbiIsImRpc2hfaWRzIjpbIjU1MjgwIl0sImN1aXNpbmVfaWRzIjpbXX19;;;₹200 for one;
Limone Lounge;/lucknow/limone-lounge-mahanagar/order?contextual_menu_params=eyJkaXNoX3NlYXJjaCI6eyJ0aXRsZSI6IkJlc3QgaW4gQ2hpY2tlbiIsImRpc2hfaWRzIjpbIjU1MjgwIl0sImN1aXNpbmVfaWRzIjpbXX19;;;₹400 for one;
Burger Beans Para;/lucknow/burger-beans-para-rajajipuram/order?contextual_menu_params=eyJkaXNoX3NlYXJjaCI6eyJ0aXRsZSI6IkJlc3QgaW4gQ2hpY2tlbiIsImRpc2hfaWRzIjpbIjU1MjgwIl0sImN1aXNpbmVfaWRzIjpbXX19;;;₹150 for one;
Makka Hotel;/lucknow/makka-hotel-sapru-marg/order?contextual_menu_params=eyJkaXNoX3NlYXJjaCI6eyJ0aXRsZSI6IkJlc3QgaW4gQ2hpY2tlbiIsImRpc2hfaWRzIjpbIjU1MjgwIl0sImN1aXNpbmVfaWRzIjpbXX19;;;₹200 for one;
Pizza Pub;/lucknow/pizza-pub-chowk/order?contextual_menu_params=eyJkaXNoX3NlYXJjaCI6eyJ0aXRsZSI6IkJlc3QgaW4gQ2hpY2tlbiIsImRpc2hfaWRzIjpbIjU1MjgwIl0sImN1aXNpbmVfaWRzIjpbXX19;;;₹200 for one;
Pizza Pub;/lucknow/pizza-pub-triveni-nagar/order?contextual_menu_params=eyJkaXNoX3NlYXJjaCI6eyJ0aXRsZSI6IkJlc3QgaW4gQ2hpY2tlbiIsImRpc2hfaWRzIjpbIjU1MjgwIl0sImN1aXNpbmVfaWRzIjpbXX19;;;₹200 for one;
Fitness Feeder;/lucknow/fitness-feeder-shekhpur/order?contextual_menu_params=eyJkaXNoX3NlYXJjaCI6eyJ0aXRsZSI6IkJlc3QgaW4gQ2hpY2tlbiIsImRpc2hfaWRzIjpbIjU1MjgwIl0sImN1aXNpbmVfaWRzIjpbXX19;;;₹150 for one;
Bangali Swad;/lucknow/bangali-swad-rajajipuram/order?contextual_menu_params=eyJkaXNoX3NlYXJjaCI6eyJ0aXRsZSI6IkJlc3QgaW4gQ2hpY2tlbiIsImRpc2hfaWRzIjpbIjU1MjgwIl0sImN1aXNpbmVfaWRzIjpbXX19;;;₹100 for one;
Afghan The Biryani King;/lucknow/afghan-the-biryani-king-aashiana/order?contextual_menu_params=eyJkaXNoX3NlYXJjaCI6eyJ0aXRsZSI6IkJlc3QgaW4gQ2hpY2tlbiIsImRpc2hfaWRzIjpbIjU1MjgwIl0sImN1aXNpbmVfaWRzIjpbXX19;;;₹100 for one;
Indiana Burgers;/lucknow/indiana-burgers-1-indira-nagar/order?contextual_menu_params=eyJkaXNoX3NlYXJjaCI6eyJ0aXRsZSI6IkJlc3QgaW4gQ2hpY2tlbiIsImRpc2hfaWRzIjpbIjU1MjgwIl0sImN1aXNpbmVfaWRzIjpbXX19;;;₹100 for one;
Foodie Nukkad;/lucknow/foodie-nukkad-3-mahanagar/order?contextual_menu_params=eyJkaXNoX3NlYXJjaCI6eyJ0aXRsZSI6IkJlc3QgaW4gQ2hpY2tlbiIsImRpc2hfaWRzIjpbIjU1MjgwIl0sImN1aXNpbmVfaWRzIjpbXX19;;;₹150 for one;
Sapphire By The Elite Hotel;/lucknow/sapphire-by-the-elite-hotel-rajajipuram/order?contextual_menu_params=eyJkaXNoX3NlYXJjaCI6eyJ0aXRsZSI6IkJlc3QgaW4gQ2hpY2tlbiIsImRpc2hfaWRzIjpbIjU1MjgwIl0sImN1aXNpbmVfaWRzIjpbXX19;;;₹450 for one;
Lucknow Spicy Junction Restaurant;/lucknow/lucknow-spicy-junction-restaurant-alambagh/order?contextual_menu_params=eyJkaXNoX3NlYXJjaCI6eyJ0aXRsZSI6IkJlc3QgaW4gQ2hpY2tlbiIsImRpc2hfaWRzIjpbIjU1MjgwIl0sImN1aXNpbmVfaWRzIjpbXX19;;;₹200 for one;
Hello Chicken;/lucknow/hello-chicken-1-shekhpur/order?contextual_menu_params=eyJkaXNoX3NlYXJjaCI6eyJ0aXRsZSI6IkJlc3QgaW4gQ2hpY2tlbiIsImRpc2hfaWRzIjpbIjU1MjgwIl0sImN1aXNpbmVfaWRzIjpbXX19;;;₹200 for one;
Ching Chong Desi Chinese;/lucknow/ching-chong-desi-chinese-alambagh/order?contextual_menu_params=eyJkaXNoX3NlYXJjaCI6eyJ0aXRsZSI6IkJlc3QgaW4gQ2hpY2tlbiIsImRpc2hfaWRzIjpbIjU1MjgwIl0sImN1aXNpbmVfaWRzIjpbXX19;;;₹100 for one;
Mezbaan;/lucknow/mezbaan-alambagh/order?contextual_menu_params=eyJkaXNoX3NlYXJjaCI6eyJ0aXRsZSI6IkJlc3QgaW4gQ2hpY2tlbiIsImRpc2hfaWRzIjpbIjU1MjgwIl0sImN1aXNpbmVfaWRzIjpbXX19;;;₹400 for one;
Kebab & Kurry - The Revanta Hotel;/lucknow/kebab-kurry-the-revanta-hotel-aliganj/order?contextual_menu_params=eyJkaXNoX3NlYXJjaCI6eyJ0aXRsZSI6IkJlc3QgaW4gQ2hpY2tlbiIsImRpc2hfaWRzIjpbIjU1MjgwIl0sImN1aXNpbmVfaWRzIjpbXX19;;;₹400 for one;
Healthy Food;/lucknow/healthy-food-shekhpur/order?contextual_menu_params=eyJkaXNoX3NlYXJjaCI6eyJ0aXRsZSI6IkJlc3QgaW4gQ2hpY2tlbiIsImRpc2hfaWRzIjpbIjU1MjgwIl0sImN1aXNpbmVfaWRzIjpbXX19;;;₹100 for one;
Hotel Golden Sky;/lucknow/hotel-golden-sky-charbagh/order?contextual_menu_params=eyJkaXNoX3NlYXJjaCI6eyJ0aXRsZSI6IkJlc3QgaW4gQ2hpY2tlbiIsImRpc2hfaWRzIjpbIjU1MjgwIl0sImN1aXNpbmVfaWRzIjpbXX19;;;₹100 for one;
China Flames;/lucknow/china-flames-aliganj/order?contextual_menu_params=eyJkaXNoX3NlYXJjaCI6eyJ0aXRsZSI6IkJlc3QgaW4gQ2hpY2tlbiIsImRpc2hfaWRzIjpbIjU1MjgwIl0sImN1aXNpbmVfaWRzIjpbXX19;;;₹150 for one;
Tunday Kababi - Lucknow Legacy;/lucknow/tunday-kababi-lucknow-legacy-1-khadra/order?contextual_menu_params=eyJkaXNoX3NlYXJjaCI6eyJ0aXRsZSI6IkJlc3QgaW4gQ2hpY2tlbiIsImRpc2hfaWRzIjpbIjU1MjgwIl0sImN1aXNpbmVfaWRzIjpbXX19;;;₹150 for one;
Momo Zone - The Momo Company;/lucknow/momo-zone-the-momo-company-aashiana/order?contextual_menu_params=eyJkaXNoX3NlYXJjaCI6eyJ0aXRsZSI6IkJlc3QgaW4gQ2hpY2tlbiIsImRpc2hfaWRzIjpbIjU1MjgwIl0sImN1aXNpbmVfaWRzIjpbXX19;;;₹100 for one;
Cafe Repertwahr;/lucknow/cafe-repertwahr-indira-nagar/order?contextual_menu_params=eyJkaXNoX3NlYXJjaCI6eyJ0aXRsZSI6IkJlc3QgaW4gQ2hpY2tlbiIsImRpc2hfaWRzIjpbIjU1MjgwIl0sImN1aXNpbmVfaWRzIjpbXX19;;;₹450 for one;
Momo Zone - The Momo Company;/lucknow/momo-zone-the-momo-company-1-indira-nagar/order?contextual_menu_params=eyJkaXNoX3NlYXJjaCI6eyJ0aXRsZSI6IkJlc3QgaW4gQ2hpY2tlbiIsImRpc2hfaWRzIjpbIjU1MjgwIl0sImN1aXNpbmVfaWRzIjpbXX19;;;₹100 for one;
Little Food Daily;/lucknow/little-food-daily-indira-nagar/order?contextual_menu_params=eyJkaXNoX3NlYXJjaCI6eyJ0aXRsZSI6IkJlc3QgaW4gQ2hpY2tlbiIsImRpc2hfaWRzIjpbIjU1MjgwIl0sImN1aXNpbmVfaWRzIjpbXX19;;;₹200 for one;
Uppercase Diner;/lucknow/uppercase-diner-hazratganj/order?contextual_menu_params=eyJkaXNoX3NlYXJjaCI6eyJ0aXRsZSI6IkJlc3QgaW4gQ2hpY2tlbiIsImRpc2hfaWRzIjpbIjU1MjgwIl0sImN1aXNpbmVfaWRzIjpbXX19;;;₹400 for one;
Burger Point;/lucknow/burger-point-3-chowk/order?contextual_menu_params=eyJkaXNoX3NlYXJjaCI6eyJ0aXRsZSI6IkJlc3QgaW4gQ2hpY2tlbiIsImRpc2hfaWRzIjpbIjU1MjgwIl0sImN1aXNpbmVfaWRzIjpbXX19;;;₹100 for one;
Lucknowi Home;/lucknow/lucknowi-home-2-chowk/order?contextual_menu_params=eyJkaXNoX3NlYXJjaCI6eyJ0aXRsZSI6IkJlc3QgaW4gQ2hpY2tlbiIsImRpc2hfaWRzIjpbIjU1MjgwIl0sImN1aXNpbmVfaWRzIjpbXX19;;;₹100 for one;
Go69 Pizza;/lucknow/go69-pizza-chowk/order?contextual_menu_params=eyJkaXNoX3NlYXJjaCI6eyJ0aXRsZSI6IkJlc3QgaW4gQ2hpY2tlbiIsImRpc2hfaWRzIjpbIjU1MjgwIl0sImN1aXNpbmVfaWRzIjpbXX19;;;₹100 for one;
Hotel Crossroad;/lucknow/hotel-crossroad-1-transport-nagar/order?contextual_menu_params=eyJkaXNoX3NlYXJjaCI6eyJ0aXRsZSI6IkJlc3QgaW4gQ2hpY2tlbiIsImRpc2hfaWRzIjpbIjU1MjgwIl0sImN1aXNpbmVfaWRzIjpbXX19;;;₹100 for one;
Presidency Kitchen;/lucknow/presidency-kitchen-hazratganj/order?contextual_menu_params=eyJkaXNoX3NlYXJjaCI6eyJ0aXRsZSI6IkJlc3QgaW4gQ2hpY2tlbiIsImRpc2hfaWRzIjpbIjU1MjgwIl0sImN1aXNpbmVfaWRzIjpbXX19;;;₹100 for one;
Azra Culture;/lucknow/azra-culture-chowk/order?contextual_menu_params=eyJkaXNoX3NlYXJjaCI6eyJ0aXRsZSI6IkJlc3QgaW4gQ2hpY2tlbiIsImRpc2hfaWRzIjpbIjU1MjgwIl0sImN1aXNpbmVfaWRzIjpbXX19;;;₹100 for one;
Nirala Swad;/lucknow/nirala-swad-nirala-nagar/order?contextual_menu_params=eyJkaXNoX3NlYXJjaCI6eyJ0aXRsZSI6IkJlc3QgaW4gQ2hpY2tlbiIsImRpc2hfaWRzIjpbIjU1MjgwIl0sImN1aXNpbmVfaWRzIjpbXX19;;;₹100 for one;
Lady Cuisine;/lucknow/lady-cuisine-transport-nagar/order?contextual_menu_params=eyJkaXNoX3NlYXJjaCI6eyJ0aXRsZSI6IkJlc3QgaW4gQ2hpY2tlbiIsImRpc2hfaWRzIjpbIjU1MjgwIl0sImN1aXNpbmVfaWRzIjpbXX19;;;₹100 for one;
Indian House Of Biryani;/lucknow/indian-house-of-biryani-alambagh/order?contextual_menu_params=eyJkaXNoX3NlYXJjaCI6eyJ0aXRsZSI6IkJlc3QgaW4gQ2hpY2tlbiIsImRpc2hfaWRzIjpbIjU1MjgwIl0sImN1aXNpbmVfaWRzIjpbXX19;;;₹100 for one;
Ishq-E-Dastarkhwan;/lucknow/ishq-e-dastarkhwan-nishatganj/order?contextual_menu_params=eyJkaXNoX3NlYXJjaCI6eyJ0aXRsZSI6IkJlc3QgaW4gQ2hpY2tlbiIsImRpc2hfaWRzIjpbIjU1MjgwIl0sImN1aXNpbmVfaWRzIjpbXX19;;;₹100 for one;
Lucky Ki Rasoi;/lucknow/lucky-ki-rasoi-aashiana/order?contextual_menu_params=eyJkaXNoX3NlYXJjaCI6eyJ0aXRsZSI6IkJlc3QgaW4gQ2hpY2tlbiIsImRpc2hfaWRzIjpbIjU1MjgwIl0sImN1aXNpbmVfaWRzIjpbXX19;;;₹100 for one;
Swad Aapki Pasand Ka;/lucknow/swad-aapki-pasand-ka-chowk/order?contextual_menu_params=eyJkaXNoX3NlYXJjaCI6eyJ0aXRsZSI6IkJlc3QgaW4gQ2hpY2tlbiIsImRpc2hfaWRzIjpbIjU1MjgwIl0sImN1aXNpbmVfaWRzIjpbXX19;;;₹100 for one;
Rage Coffee X Wat-A-Burger!;/lucknow/rage-coffee-x-wat-a-burger-mahanagar/order?contextual_menu_params=eyJkaXNoX3NlYXJjaCI6eyJ0aXRsZSI6IkJlc3QgaW4gQ2hpY2tlbiIsImRpc2hfaWRzIjpbIjU1MjgwIl0sImN1aXNpbmVfaWRzIjpbXX19;;;₹100 for one;
Lil Elephant;/lucknow/lil-elephant-aashiana/order?contextual_menu_params=eyJkaXNoX3NlYXJjaCI6eyJ0aXRsZSI6IkJlc3QgaW4gQ2hpY2tlbiIsImRpc2hfaWRzIjpbIjU1MjgwIl0sImN1aXNpbmVfaWRzIjpbXX19;;;₹100 for one;
Chahats Biryaani Veg And Non Veg Restaurant;/lucknow/chahats-biryaani-veg-and-non-veg-restaurant-mahanagar/order?contextual_menu_params=eyJkaXNoX3NlYXJjaCI6eyJ0aXRsZSI6IkJlc3QgaW4gQ2hpY2tlbiIsImRpc2hfaWRzIjpbIjU1MjgwIl0sImN1aXNpbmVfaWRzIjpbXX19;;;₹200 for one;
STF Cafe;/lucknow/stf-cafe-1-aashiana/order?contextual_menu_params=eyJkaXNoX3NlYXJjaCI6eyJ0aXRsZSI6IkJlc3QgaW4gQ2hpY2tlbiIsImRpc2hfaWRzIjpbIjU1MjgwIl0sImN1aXNpbmVfaWRzIjpbXX19;;;₹200 for one;
Bisen Fast Food Corner;/lucknow/bisen-fast-food-corner-shekhpur/order?contextual_menu_params=eyJkaXNoX3NlYXJjaCI6eyJ0aXRsZSI6IkJlc3QgaW4gQ2hpY2tlbiIsImRpc2hfaWRzIjpbIjU1MjgwIl0sImN1aXNpbmVfaWRzIjpbXX19;;;₹150 for one;
New Home Family Restaurant;/lucknow/new-home-family-restaurant-sadar-bazaar/order?contextual_menu_params=eyJkaXNoX3NlYXJjaCI6eyJ0aXRsZSI6IkJlc3QgaW4gQ2hpY2tlbiIsImRpc2hfaWRzIjpbIjU1MjgwIl0sImN1aXNpbmVfaWRzIjpbXX19;;;₹200 for one;
The Kalika Hutz - Safe & Trusted Handi Cooked;/lucknow/the-kalika-hutz-safe-trusted-handi-cooked-nishatganj/order?contextual_menu_params=eyJkaXNoX3NlYXJjaCI6eyJ0aXRsZSI6IkJlc3QgaW4gQ2hpY2tlbiIsImRpc2hfaWRzIjpbIjU1MjgwIl0sImN1aXNpbmVfaWRzIjpbXX19;;;₹100 for one;
The Noodles Castle;/lucknow/the-noodles-castle-nishatganj/order?contextual_menu_params=eyJkaXNoX3NlYXJjaCI6eyJ0aXRsZSI6IkJlc3QgaW4gQ2hpY2tlbiIsImRpc2hfaWRzIjpbIjU1MjgwIl0sImN1aXNpbmVfaWRzIjpbXX19;;;₹200 for one;
The Home Kitchen;/lucknow/the-home-kitchen-1-aashiana/order?contextual_menu_params=eyJkaXNoX3NlYXJjaCI6eyJ0aXRsZSI6IkJlc3QgaW4gQ2hpY2tlbiIsImRpc2hfaWRzIjpbIjU1MjgwIl0sImN1aXNpbmVfaWRzIjpbXX19;;;₹100 for one;
Groove -Lounge, Bar & Rooftop;/lucknow/groove-lounge-bar-rooftop-alambagh/order?contextual_menu_params=eyJkaXNoX3NlYXJjaCI6eyJ0aXRsZSI6IkJlc3QgaW4gQ2hpY2tlbiIsImRpc2hfaWRzIjpbIjU1MjgwIl0sImN1aXNpbmVfaWRzIjpbXX19;;;₹600 for one;
The Chilli Town Restaurant And Cafe;/lucknow/the-chilli-town-restaurant-and-cafe-chowk/order?contextual_menu_params=eyJkaXNoX3NlYXJjaCI6eyJ0aXRsZSI6IkJlc3QgaW4gQ2hpY2tlbiIsImRpc2hfaWRzIjpbIjU1MjgwIl0sImN1aXNpbmVfaWRzIjpbXX19;;;₹150 for one;
Hungry Bellys;/lucknow/hungry-bellys-mahanagar/order?contextual_menu_params=eyJkaXNoX3NlYXJjaCI6eyJ0aXRsZSI6IkJlc3QgaW4gQ2hpY2tlbiIsImRpc2hfaWRzIjpbIjU1MjgwIl0sImN1aXNpbmVfaWRzIjpbXX19;;;₹200 for one;
Indian Combo Company;/lucknow/indian-combo-company-alambagh/order?contextual_menu_params=eyJkaXNoX3NlYXJjaCI6eyJ0aXRsZSI6IkJlc3QgaW4gQ2hpY2tlbiIsImRpc2hfaWRzIjpbIjU1MjgwIl0sImN1aXNpbmVfaWRzIjpbXX19;;;₹100 for one;
The Gravity- Fine Dine Restaurant;/lucknow/the-gravity-fine-dine-restaurant-aashiana/order?contextual_menu_params=eyJkaXNoX3NlYXJjaCI6eyJ0aXRsZSI6IkJlc3QgaW4gQ2hpY2tlbiIsImRpc2hfaWRzIjpbIjU1MjgwIl0sImN1aXNpbmVfaWRzIjpbXX19;;;₹400 for one;
The Organic Delight;/lucknow/the-organic-delight-shekhpur/order?contextual_menu_params=eyJkaXNoX3NlYXJjaCI6eyJ0aXRsZSI6IkJlc3QgaW4gQ2hpY2tlbiIsImRpc2hfaWRzIjpbIjU1MjgwIl0sImN1aXNpbmVfaWRzIjpbXX19;;;₹200 for one;
Rvd Cafe & Restaurant;/lucknow/rvd-cafe-restaurant-indira-nagar/order?contextual_menu_params=eyJkaXNoX3NlYXJjaCI6eyJ0aXRsZSI6IkJlc3QgaW4gQ2hpY2tlbiIsImRpc2hfaWRzIjpbIjU1MjgwIl0sImN1aXNpbmVfaWRzIjpbXX19;;;₹100 for one;
Zaikaa-E-Dastarkhwaan;/lucknow/zaikaa-e-dastarkhwaan-nishatganj/order?contextual_menu_params=eyJkaXNoX3NlYXJjaCI6eyJ0aXRsZSI6IkJlc3QgaW4gQ2hpY2tlbiIsImRpc2hfaWRzIjpbIjU1MjgwIl0sImN1aXNpbmVfaWRzIjpbXX19;;;₹300 for one;
New Biryani Adda;/lucknow/new-biryani-adda-husain-ganj/order?contextual_menu_params=eyJkaXNoX3NlYXJjaCI6eyJ0aXRsZSI6IkJlc3QgaW4gQ2hpY2tlbiIsImRpc2hfaWRzIjpbIjU1MjgwIl0sImN1aXNpbmVfaWRzIjpbXX19;;;₹150 for one;
Smart Meals;/lucknow/smart-meals-aashiana/order?contextual_menu_params=eyJkaXNoX3NlYXJjaCI6eyJ0aXRsZSI6IkJlc3QgaW4gQ2hpY2tlbiIsImRpc2hfaWRzIjpbIjU1MjgwIl0sImN1aXNpbmVfaWRzIjpbXX19;;;₹150 for one;
ARMA - The Lounge And Game Station;/lucknow/arma-the-lounge-and-game-station-shekhpur/order?contextual_menu_params=eyJkaXNoX3NlYXJjaCI6eyJ0aXRsZSI6IkJlc3QgaW4gQ2hpY2tlbiIsImRpc2hfaWRzIjpbIjU1MjgwIl0sImN1aXNpbmVfaWRzIjpbXX19;;;₹300 for one;
Chew & Cheer Restaurant;/lucknow/chew-cheer-restaurant-aashiana/order?contextual_menu_params=eyJkaXNoX3NlYXJjaCI6eyJ0aXRsZSI6IkJlc3QgaW4gQ2hpY2tlbiIsImRpc2hfaWRzIjpbIjU1MjgwIl0sImN1aXNpbmVfaWRzIjpbXX19;;;₹150 for one;
Texas Cafe;/lucknow/texas-cafe-aashiana/order?contextual_menu_params=eyJkaXNoX3NlYXJjaCI6eyJ0aXRsZSI6IkJlc3QgaW4gQ2hpY2tlbiIsImRpc2hfaWRzIjpbIjU1MjgwIl0sImN1aXNpbmVfaWRzIjpbXX19;;;₹150 for one;
Taste Of Lucknow;/lucknow/taste-of-lucknow-aashiana/order?contextual_menu_params=eyJkaXNoX3NlYXJjaCI6eyJ0aXRsZSI6IkJlc3QgaW4gQ2hpY2tlbiIsImRpc2hfaWRzIjpbIjU1MjgwIl0sImN1aXNpbmVfaWRzIjpbXX19;;;₹100 for one;
Lucknow Junction;/lucknow/lucknow-junction-aashiana/order?contextual_menu_params=eyJkaXNoX3NlYXJjaCI6eyJ0aXRsZSI6IkJlc3QgaW4gQ2hpY2tlbiIsImRpc2hfaWRzIjpbIjU1MjgwIl0sImN1aXNpbmVfaWRzIjpbXX19;;;₹150 for one;
Salad Days;/lucknow/salad-days-aashiana/order?contextual_menu_params=eyJkaXNoX3NlYXJjaCI6eyJ0aXRsZSI6IkJlc3QgaW4gQ2hpY2tlbiIsImRpc2hfaWRzIjpbIjU1MjgwIl0sImN1aXNpbmVfaWRzIjpbXX19;;;₹150 for one;
The Momo Co.;/lucknow/the-momo-co-alambagh/order?contextual_menu_params=eyJkaXNoX3NlYXJjaCI6eyJ0aXRsZSI6IkJlc3QgaW4gQ2hpY2tlbiIsImRpc2hfaWRzIjpbIjU1MjgwIl0sImN1aXNpbmVfaWRzIjpbXX19;;;₹150 for one;
Branche - Hotel Golden Tulip;/lucknow/branche-hotel-golden-tulip-husain-ganj/order?contextual_menu_params=eyJkaXNoX3NlYXJjaCI6eyJ0aXRsZSI6IkJlc3QgaW4gQ2hpY2tlbiIsImRpc2hfaWRzIjpbIjU1MjgwIl0sImN1aXNpbmVfaWRzIjpbXX19;;;₹150 for one;
Royal Chinese Cafe;/lucknow/royal-chinese-cafe-sadar-bazaar/order?contextual_menu_params=eyJkaXNoX3NlYXJjaCI6eyJ0aXRsZSI6IkJlc3QgaW4gQ2hpY2tlbiIsImRpc2hfaWRzIjpbIjU1MjgwIl0sImN1aXNpbmVfaWRzIjpbXX19;;;₹150 for one;
Sheela Food Express;/lucknow/sheela-food-express-hazratganj/order?contextual_menu_params=eyJkaXNoX3NlYXJjaCI6eyJ0aXRsZSI6IkJlc3QgaW4gQ2hpY2tlbiIsImRpc2hfaWRzIjpbIjU1MjgwIl0sImN1aXNpbmVfaWRzIjpbXX19;;;₹150 for one;
Curry Mantra;/lucknow/curry-mantra-husain-ganj/order?contextual_menu_params=eyJkaXNoX3NlYXJjaCI6eyJ0aXRsZSI6IkJlc3QgaW4gQ2hpY2tlbiIsImRpc2hfaWRzIjpbIjU1MjgwIl0sImN1aXNpbmVfaWRzIjpbXX19;;;₹150 for one;
Baba Ki Rasoi;/lucknow/baba-ki-rasoi-kaiserbagh/order?contextual_menu_params=eyJkaXNoX3NlYXJjaCI6eyJ0aXRsZSI6IkJlc3QgaW4gQ2hpY2tlbiIsImRpc2hfaWRzIjpbIjU1MjgwIl0sImN1aXNpbmVfaWRzIjpbXX19;;;₹150 for one;
Al - Baik;/lucknow/al-baik-5-chowk/order?contextual_menu_params=eyJkaXNoX3NlYXJjaCI6eyJ0aXRsZSI6IkJlc3QgaW4gQ2hpY2tlbiIsImRpc2hfaWRzIjpbIjU1MjgwIl0sImN1aXNpbmVfaWRzIjpbXX19;;;₹150 for one;
Italian Delight;/lucknow/italian-delight-1-alambagh/order?contextual_menu_params=eyJkaXNoX3NlYXJjaCI6eyJ0aXRsZSI6IkJlc3QgaW4gQ2hpY2tlbiIsImRpc2hfaWRzIjpbIjU1MjgwIl0sImN1aXNpbmVfaWRzIjpbXX19;;;₹150 for one;
Bauwa Ka Tauwa;/lucknow/bauwa-ka-tauwa-shekhpur/order?contextual_menu_params=eyJkaXNoX3NlYXJjaCI6eyJ0aXRsZSI6IkJlc3QgaW4gQ2hpY2tlbiIsImRpc2hfaWRzIjpbIjU1MjgwIl0sImN1aXNpbmVfaWRzIjpbXX19;;;₹150 for one;
The Chai.Com;/lucknow/the-chai-com-hazratganj/order?contextual_menu_params=eyJkaXNoX3NlYXJjaCI6eyJ0aXRsZSI6IkJlc3QgaW4gQ2hpY2tlbiIsImRpc2hfaWRzIjpbIjU1MjgwIl0sImN1aXNpbmVfaWRzIjpbXX19;;;₹150 for one;
Nawab Chicken Biryani;/lucknow/nawab-chicken-biryani-aminabad/order?contextual_menu_params=eyJkaXNoX3NlYXJjaCI6eyJ0aXRsZSI6IkJlc3QgaW4gQ2hpY2tlbiIsImRpc2hfaWRzIjpbIjU1MjgwIl0sImN1aXNpbmVfaWRzIjpbXX19;;;₹150 for one;
Caprice - Radisson Lucknow City Center;/lucknow/caprice-radisson-lucknow-city-center-aminabad/order?contextual_menu_params=eyJkaXNoX3NlYXJjaCI6eyJ0aXRsZSI6IkJlc3QgaW4gQ2hpY2tlbiIsImRpc2hfaWRzIjpbIjU1MjgwIl0sImN1aXNpbmVfaWRzIjpbXX19;;;₹250 for one;
Mirchi Momos;/lucknow/mirchi-momos-aliganj/order?contextual_menu_params=eyJkaXNoX3NlYXJjaCI6eyJ0aXRsZSI6IkJlc3QgaW4gQ2hpY2tlbiIsImRpc2hfaWRzIjpbIjU1MjgwIl0sImN1aXNpbmVfaWRzIjpbXX19;;;₹250 for one;
Nature's Kitchen;/lucknow/natures-kitchen-aashiana/order?contextual_menu_params=eyJkaXNoX3NlYXJjaCI6eyJ0aXRsZSI6IkJlc3QgaW4gQ2hpY2tlbiIsImRpc2hfaWRzIjpbIjU1MjgwIl0sImN1aXNpbmVfaWRzIjpbXX19;;;₹250 for one;
Best Biryani Chicken Corner Muradabadi & Hyderabadi;/lucknow/best-biryani-chicken-corner-muradabadi-hyderabadi-nishatganj/order?contextual_menu_params=eyJkaXNoX3NlYXJjaCI6eyJ0aXRsZSI6IkJlc3QgaW4gQ2hpY2tlbiIsImRpc2hfaWRzIjpbIjU1MjgwIl0sImN1aXNpbmVfaWRzIjpbXX19;;;₹250 for one;
Chongqing;/lucknow/chongqing-aashiana/order?contextual_menu_params=eyJkaXNoX3NlYXJjaCI6eyJ0aXRsZSI6IkJlc3QgaW4gQ2hpY2tlbiIsImRpc2hfaWRzIjpbIjU1MjgwIl0sImN1aXNpbmVfaWRzIjpbXX19;;;₹250 for one;
The Sky Terrace - Restaurant & Café;/lucknow/the-sky-terrace-restaurant-café-triveni-nagar/order?contextual_menu_params=eyJkaXNoX3NlYXJjaCI6eyJ0aXRsZSI6IkJlc3QgaW4gQ2hpY2tlbiIsImRpc2hfaWRzIjpbIjU1MjgwIl0sImN1aXNpbmVfaWRzIjpbXX19;;;₹250 for one;
Lucknow Food;/lucknow/lucknow-food-nirala-nagar/order?contextual_menu_params=eyJkaXNoX3NlYXJjaCI6eyJ0aXRsZSI6IkJlc3QgaW4gQ2hpY2tlbiIsImRpc2hfaWRzIjpbIjU1MjgwIl0sImN1aXNpbmVfaWRzIjpbXX19;;;₹250 for one;
Massey Food World;/lucknow/massey-food-world-hazratganj/order?contextual_menu_params=eyJkaXNoX3NlYXJjaCI6eyJ0aXRsZSI6IkJlc3QgaW4gQ2hpY2tlbiIsImRpc2hfaWRzIjpbIjU1MjgwIl0sImN1aXNpbmVfaWRzIjpbXX19;;;₹250 for one;
Old Bawarchi;/lucknow/old-bawarchi-charbagh/order?contextual_menu_params=eyJkaXNoX3NlYXJjaCI6eyJ0aXRsZSI6IkJlc3QgaW4gQ2hpY2tlbiIsImRpc2hfaWRzIjpbIjU1MjgwIl0sImN1aXNpbmVfaWRzIjpbXX19;;;₹250 for one;
Sandwich & More;/lucknow/sandwich-more-aliganj/order?contextual_menu_params=eyJkaXNoX3NlYXJjaCI6eyJ0aXRsZSI6IkJlc3QgaW4gQ2hpY2tlbiIsImRpc2hfaWRzIjpbIjU1MjgwIl0sImN1aXNpbmVfaWRzIjpbXX19;;;₹250 for one;
Shabana Kitchen;/lucknow/shabana-kitchen-chowk/order?contextual_menu_params=eyJkaXNoX3NlYXJjaCI6eyJ0aXRsZSI6IkJlc3QgaW4gQ2hpY2tlbiIsImRpc2hfaWRzIjpbIjU1MjgwIl0sImN1aXNpbmVfaWRzIjpbXX19;;;₹250 for one;
Lucknow Kebabs By Nitin Prakash;/lucknow/lucknow-kebabs-by-nitin-prakash-sapru-marg/order?contextual_menu_params=eyJkaXNoX3NlYXJjaCI6eyJ0aXRsZSI6IkJlc3QgaW4gQ2hpY2tlbiIsImRpc2hfaWRzIjpbIjU1MjgwIl0sImN1aXNpbmVfaWRzIjpbXX19;;;₹250 for one;
Burger It Up;/lucknow/burger-it-up-1-indira-nagar/order?contextual_menu_params=eyJkaXNoX3NlYXJjaCI6eyJ0aXRsZSI6IkJlc3QgaW4gQ2hpY2tlbiIsImRpc2hfaWRzIjpbIjU1MjgwIl0sImN1aXNpbmVfaWRzIjpbXX19;;;₹100 for one;
Italian Delight;/lucknow/italian-delight-alambagh/order?contextual_menu_params=eyJkaXNoX3NlYXJjaCI6eyJ0aXRsZSI6IkJlc3QgaW4gQ2hpY2tlbiIsImRpc2hfaWRzIjpbIjU1MjgwIl0sImN1aXNpbmVfaWRzIjpbXX19;;;₹200 for one;
Kullad Chai Centre;/lucknow/kullad-chai-centre-sadar-bazaar/order?contextual_menu_params=eyJkaXNoX3NlYXJjaCI6eyJ0aXRsZSI6IkJlc3QgaW4gQ2hpY2tlbiIsImRpc2hfaWRzIjpbIjU1MjgwIl0sImN1aXNpbmVfaWRzIjpbXX19;;;₹150 for one;
Grill Inn;/lucknow/grill-inn-alambagh/order?contextual_menu_params=eyJkaXNoX3NlYXJjaCI6eyJ0aXRsZSI6IkJlc3QgaW4gQ2hpY2tlbiIsImRpc2hfaWRzIjpbIjU1MjgwIl0sImN1aXNpbmVfaWRzIjpbXX19;;;₹200 for one;
Asian Rolls Factory;/lucknow/asian-rolls-factory-hazratganj/order?contextual_menu_params=eyJkaXNoX3NlYXJjaCI6eyJ0aXRsZSI6IkJlc3QgaW4gQ2hpY2tlbiIsImRpc2hfaWRzIjpbIjU1MjgwIl0sImN1aXNpbmVfaWRzIjpbXX19;;;₹200 for one;
Al Mejbaan Hotel;/lucknow/al-mejbaan-hotel-alambagh/order?contextual_menu_params=eyJkaXNoX3NlYXJjaCI6eyJ0aXRsZSI6IkJlc3QgaW4gQ2hpY2tlbiIsImRpc2hfaWRzIjpbIjU1MjgwIl0sImN1aXNpbmVfaWRzIjpbXX19;;;₹100 for one;
Balaji Kitchen;/lucknow/balaji-kitchen-1-aminabad/order?contextual_menu_params=eyJkaXNoX3NlYXJjaCI6eyJ0aXRsZSI6IkJlc3QgaW4gQ2hpY2tlbiIsImRpc2hfaWRzIjpbIjU1MjgwIl0sImN1aXNpbmVfaWRzIjpbXX19;;;₹200 for one;
Macaron Cakery And Cafe;/lucknow/macaron-cakery-and-cafe-sapru-marg/order?contextual_menu_params=eyJkaXNoX3NlYXJjaCI6eyJ0aXRsZSI6IkJlc3QgaW4gQ2hpY2tlbiIsImRpc2hfaWRzIjpbIjU1MjgwIl0sImN1aXNpbmVfaWRzIjpbXX19;;;₹450 for one;
Mo Frankie;/lucknow/mo-frankie-alambagh/order?contextual_menu_params=eyJkaXNoX3NlYXJjaCI6eyJ0aXRsZSI6IkJlc3QgaW4gQ2hpY2tlbiIsImRpc2hfaWRzIjpbIjU1MjgwIl0sImN1aXNpbmVfaWRzIjpbXX19;;;₹100 for one;
Super Combo;/lucknow/super-combo-charbagh/order?contextual_menu_params=eyJkaXNoX3NlYXJjaCI6eyJ0aXRsZSI6IkJlc3QgaW4gQ2hpY2tlbiIsImRpc2hfaWRzIjpbIjU1MjgwIl0sImN1aXNpbmVfaWRzIjpbXX19;;;₹100 for one;
Lucknow Curry Junction;/lucknow/lucknow-curry-junction-nishatganj/order?contextual_menu_params=eyJkaXNoX3NlYXJjaCI6eyJ0aXRsZSI6IkJlc3QgaW4gQ2hpY2tlbiIsImRpc2hfaWRzIjpbIjU1MjgwIl0sImN1aXNpbmVfaWRzIjpbXX19;;;₹200 for one;
Pizza Go;/lucknow/pizza-go-aliganj/order?contextual_menu_params=eyJkaXNoX3NlYXJjaCI6eyJ0aXRsZSI6IkJlc3QgaW4gQ2hpY2tlbiIsImRpc2hfaWRzIjpbIjU1MjgwIl0sImN1aXNpbmVfaWRzIjpbXX19;;;₹200 for one;
Urban Grill;/lucknow/urban-grill-nirala-nagar/order?contextual_menu_params=eyJkaXNoX3NlYXJjaCI6eyJ0aXRsZSI6IkJlc3QgaW4gQ2hpY2tlbiIsImRpc2hfaWRzIjpbIjU1MjgwIl0sImN1aXNpbmVfaWRzIjpbXX19;;;₹100 for one;
Margherita;/lucknow/margherita-aliganj/order?contextual_menu_params=eyJkaXNoX3NlYXJjaCI6eyJ0aXRsZSI6IkJlc3QgaW4gQ2hpY2tlbiIsImRpc2hfaWRzIjpbIjU1MjgwIl0sImN1aXNpbmVfaWRzIjpbXX19;;;₹100 for one;
Shri Bhojyum;/lucknow/shri-bhojyum-nirala-nagar/order?contextual_menu_params=eyJkaXNoX3NlYXJjaCI6eyJ0aXRsZSI6IkJlc3QgaW4gQ2hpY2tlbiIsImRpc2hfaWRzIjpbIjU1MjgwIl0sImN1aXNpbmVfaWRzIjpbXX19;;;₹100 for one;
Pizza;/lucknow/pizza-3-aliganj/order?contextual_menu_params=eyJkaXNoX3NlYXJjaCI6eyJ0aXRsZSI6IkJlc3QgaW4gQ2hpY2tlbiIsImRpc2hfaWRzIjpbIjU1MjgwIl0sImN1aXNpbmVfaWRzIjpbXX19;;;₹100 for one;
Baati Chokha;/lucknow/baati-chokha-alambagh/order?contextual_menu_params=eyJkaXNoX3NlYXJjaCI6eyJ0aXRsZSI6IkJlc3QgaW4gQ2hpY2tlbiIsImRpc2hfaWRzIjpbIjU1MjgwIl0sImN1aXNpbmVfaWRzIjpbXX19;;;₹100 for one;
Burger It Up;/lucknow/burger-it-up-aashiana/order?contextual_menu_params=eyJkaXNoX3NlYXJjaCI6eyJ0aXRsZSI6IkJlc3QgaW4gQ2hpY2tlbiIsImRpc2hfaWRzIjpbIjU1MjgwIl0sImN1aXNpbmVfaWRzIjpbXX19;;;₹100 for one;
Macaron Cakery And Cafe;/lucknow/macaron-cakery-and-cafe-alambagh/order?contextual_menu_params=eyJkaXNoX3NlYXJjaCI6eyJ0aXRsZSI6IkJlc3QgaW4gQ2hpY2tlbiIsImRpc2hfaWRzIjpbIjU1MjgwIl0sImN1aXNpbmVfaWRzIjpbXX19;;;₹100 for one;
Kouzina Kafe - The Food Court;/lucknow/kouzina-kafe-the-food-court-1-indira-nagar/order?contextual_menu_params=eyJkaXNoX3NlYXJjaCI6eyJ0aXRsZSI6IkJlc3QgaW4gQ2hpY2tlbiIsImRpc2hfaWRzIjpbIjU1MjgwIl0sImN1aXNpbmVfaWRzIjpbXX19;;;₹100 for one;
Kouzina Kafe - The Food Court;/lucknow/kouzina-kafe-the-food-court-aashiana/order?contextual_menu_params=eyJkaXNoX3NlYXJjaCI6eyJ0aXRsZSI6IkJlc3QgaW4gQ2hpY2tlbiIsImRpc2hfaWRzIjpbIjU1MjgwIl0sImN1aXNpbmVfaWRzIjpbXX19;;;₹100 for one;
Smoke N Spice;/lucknow/smoke-n-spice-aashiana/order?contextual_menu_params=eyJkaXNoX3NlYXJjaCI6eyJ0aXRsZSI6IkJlc3QgaW4gQ2hpY2tlbiIsImRpc2hfaWRzIjpbIjU1MjgwIl0sImN1aXNpbmVfaWRzIjpbXX19;;;₹100 for one;
The Chai - Fi;/lucknow/the-chai-fi-mahanagar/order?contextual_menu_params=eyJkaXNoX3NlYXJjaCI6eyJ0aXRsZSI6IkJlc3QgaW4gQ2hpY2tlbiIsImRpc2hfaWRzIjpbIjU1MjgwIl0sImN1aXNpbmVfaWRzIjpbXX19;;;₹100 for one;
Paratha  Addict;/lucknow/paratha-addict-nishatganj/order?contextual_menu_params=eyJkaXNoX3NlYXJjaCI6eyJ0aXRsZSI6IkJlc3QgaW4gQ2hpY2tlbiIsImRpc2hfaWRzIjpbIjU1MjgwIl0sImN1aXNpbmVfaWRzIjpbXX19;;;₹100 for one;
Archana's Luncheonette;/lucknow/archanas-luncheonette-aishbagh/order?contextual_menu_params=eyJkaXNoX3NlYXJjaCI6eyJ0aXRsZSI6IkJlc3QgaW4gQ2hpY2tlbiIsImRpc2hfaWRzIjpbIjU1MjgwIl0sImN1aXNpbmVfaWRzIjpbXX19;;;₹150 for one;
Maggi King;/lucknow/maggi-king-hazratganj/order?contextual_menu_params=eyJkaXNoX3NlYXJjaCI6eyJ0aXRsZSI6IkJlc3QgaW4gQ2hpY2tlbiIsImRpc2hfaWRzIjpbIjU1MjgwIl0sImN1aXNpbmVfaWRzIjpbXX19;;;₹150 for one;
Biryani Hub;/lucknow/biryani-hub-chowk/order?contextual_menu_params=eyJkaXNoX3NlYXJjaCI6eyJ0aXRsZSI6IkJlc3QgaW4gQ2hpY2tlbiIsImRpc2hfaWRzIjpbIjU1MjgwIl0sImN1aXNpbmVfaWRzIjpbXX19;;;₹150 for one;
Awadh’s;/lucknow/awadhs-alambagh/order?contextual_menu_params=eyJkaXNoX3NlYXJjaCI6eyJ0aXRsZSI6IkJlc3QgaW4gQ2hpY2tlbiIsImRpc2hfaWRzIjpbIjU1MjgwIl0sImN1aXNpbmVfaWRzIjpbXX19;;;₹150 for one;
Cake O’ Clock;/lucknow/cake-o-clock-hazratganj/order?contextual_menu_params=eyJkaXNoX3NlYXJjaCI6eyJ0aXRsZSI6IkJlc3QgaW4gQ2hpY2tlbiIsImRpc2hfaWRzIjpbIjU1MjgwIl0sImN1aXNpbmVfaWRzIjpbXX19;;;₹150 for one;
Rana Cafe;/lucknow/rana-cafe-aliganj/order?contextual_menu_params=eyJkaXNoX3NlYXJjaCI6eyJ0aXRsZSI6IkJlc3QgaW4gQ2hpY2tlbiIsImRpc2hfaWRzIjpbIjU1MjgwIl0sImN1aXNpbmVfaWRzIjpbXX19;;;₹150 for one;
The Mughal's;/lucknow/the-mughals-shekhpur/order?contextual_menu_params=eyJkaXNoX3NlYXJjaCI6eyJ0aXRsZSI6IkJlc3QgaW4gQ2hpY2tlbiIsImRpc2hfaWRzIjpbIjU1MjgwIl0sImN1aXNpbmVfaWRzIjpbXX19;;;₹150 for one;
WOW! Momo;/lucknow/wow-momo-1-chowk/order?contextual_menu_params=eyJkaXNoX3NlYXJjaCI6eyJ0aXRsZSI6IkJlc3QgaW4gQ2hpY2tlbiIsImRpc2hfaWRzIjpbIjU1MjgwIl0sImN1aXNpbmVfaWRzIjpbXX19;;;₹150 for one;
The Calzones;/lucknow/the-calzones-alambagh/order?contextual_menu_params=eyJkaXNoX3NlYXJjaCI6eyJ0aXRsZSI6IkJlc3QgaW4gQ2hpY2tlbiIsImRpc2hfaWRzIjpbIjU1MjgwIl0sImN1aXNpbmVfaWRzIjpbXX19;;;₹150 for one;
Home Plate By Healthy Living;/lucknow/home-plate-by-healthy-living-triveni-nagar/order?contextual_menu_params=eyJkaXNoX3NlYXJjaCI6eyJ0aXRsZSI6IkJlc3QgaW4gQ2hpY2tlbiIsImRpc2hfaWRzIjpbIjU1MjgwIl0sImN1aXNpbmVfaWRzIjpbXX19;;;₹150 for one;
Pizza Cutter;/lucknow/pizza-cutter-mahanagar/order?contextual_menu_params=eyJkaXNoX3NlYXJjaCI6eyJ0aXRsZSI6IkJlc3QgaW4gQ2hpY2tlbiIsImRpc2hfaWRzIjpbIjU1MjgwIl0sImN1aXNpbmVfaWRzIjpbXX19;;;₹150 for one;
Awadhi Thali And Biryani House;/lucknow/awadhi-thali-and-biryani-house-chowk/order?contextual_menu_params=eyJkaXNoX3NlYXJjaCI6eyJ0aXRsZSI6IkJlc3QgaW4gQ2hpY2tlbiIsImRpc2hfaWRzIjpbIjU1MjgwIl0sImN1aXNpbmVfaWRzIjpbXX19;;;₹150 for one;
Gateway Fast Food;/lucknow/gateway-fast-food-alambagh/order?contextual_menu_params=eyJkaXNoX3NlYXJjaCI6eyJ0aXRsZSI6IkJlc3QgaW4gQ2hpY2tlbiIsImRpc2hfaWRzIjpbIjU1MjgwIl0sImN1aXNpbmVfaWRzIjpbXX19;;;₹100 for one;
Healthy Bite;/lucknow/healthy-bite-triveni-nagar/order?contextual_menu_params=eyJkaXNoX3NlYXJjaCI6eyJ0aXRsZSI6IkJlc3QgaW4gQ2hpY2tlbiIsImRpc2hfaWRzIjpbIjU1MjgwIl0sImN1aXNpbmVfaWRzIjpbXX19;;;₹150 for one;
Indiana Burgers;/lucknow/indiana-burgers-aashiana/order?contextual_menu_params=eyJkaXNoX3NlYXJjaCI6eyJ0aXRsZSI6IkJlc3QgaW4gQ2hpY2tlbiIsImRpc2hfaWRzIjpbIjU1MjgwIl0sImN1aXNpbmVfaWRzIjpbXX19;;;₹100 for one;
The Good Bowl;/lucknow/the-good-bowl-hazratganj/order?contextual_menu_params=eyJkaXNoX3NlYXJjaCI6eyJ0aXRsZSI6IkJlc3QgaW4gQ2hpY2tlbiIsImRpc2hfaWRzIjpbIjU1MjgwIl0sImN1aXNpbmVfaWRzIjpbXX19;;;₹200 for one;
Barby Queen;/lucknow/barby-queen-mahanagar/order?contextual_menu_params=eyJkaXNoX3NlYXJjaCI6eyJ0aXRsZSI6IkJlc3QgaW4gQ2hpY2tlbiIsImRpc2hfaWRzIjpbIjU1MjgwIl0sImN1aXNpbmVfaWRzIjpbXX19;;;₹100 for one;
The Indian Paratha.Com;/lucknow/the-indian-paratha-com-sadar-bazaar/order?contextual_menu_params=eyJkaXNoX3NlYXJjaCI6eyJ0aXRsZSI6IkJlc3QgaW4gQ2hpY2tlbiIsImRpc2hfaWRzIjpbIjU1MjgwIl0sImN1aXNpbmVfaWRzIjpbXX19;;;₹200 for one;
Healthy Planet;/lucknow/healthy-planet-2-aashiana/order?contextual_menu_params=eyJkaXNoX3NlYXJjaCI6eyJ0aXRsZSI6IkJlc3QgaW4gQ2hpY2tlbiIsImRpc2hfaWRzIjpbIjU1MjgwIl0sImN1aXNpbmVfaWRzIjpbXX19;;;₹300 for one;
Al-Baik.Com;/lucknow/al-baik-com-transport-nagar/order?contextual_menu_params=eyJkaXNoX3NlYXJjaCI6eyJ0aXRsZSI6IkJlc3QgaW4gQ2hpY2tlbiIsImRpc2hfaWRzIjpbIjU1MjgwIl0sImN1aXNpbmVfaWRzIjpbXX19;;;₹200 for one;
Namaste Thali - India Ki Thali;/lucknow/namaste-thali-india-ki-thali-alambagh/order?contextual_menu_params=eyJkaXNoX3NlYXJjaCI6eyJ0aXRsZSI6IkJlc3QgaW4gQ2hpY2tlbiIsImRpc2hfaWRzIjpbIjU1MjgwIl0sImN1aXNpbmVfaWRzIjpbXX19;;;₹100 for one;
Aman's Kitchen;/lucknow/amans-kitchen-1-kaiserbagh/order?contextual_menu_params=eyJkaXNoX3NlYXJjaCI6eyJ0aXRsZSI6IkJlc3QgaW4gQ2hpY2tlbiIsImRpc2hfaWRzIjpbIjU1MjgwIl0sImN1aXNpbmVfaWRzIjpbXX19;;;₹200 for one;
Kaati Zone Rolls and Wraps;/lucknow/kaati-zone-rolls-and-wraps-aashiana/order?contextual_menu_params=eyJkaXNoX3NlYXJjaCI6eyJ0aXRsZSI6IkJlc3QgaW4gQ2hpY2tlbiIsImRpc2hfaWRzIjpbIjU1MjgwIl0sImN1aXNpbmVfaWRzIjpbXX19;;;₹150 for one;
Uncle Peter's Pancakes;/lucknow/uncle-peters-pancakes-aashiana/order?contextual_menu_params=eyJkaXNoX3NlYXJjaCI6eyJ0aXRsZSI6IkJlc3QgaW4gQ2hpY2tlbiIsImRpc2hfaWRzIjpbIjU1MjgwIl0sImN1aXNpbmVfaWRzIjpbXX19;;;₹200 for one;
The Beehive Kitchen;/lucknow/the-beehive-kitchen-3-triveni-nagar/order?contextual_menu_params=eyJkaXNoX3NlYXJjaCI6eyJ0aXRsZSI6IkJlc3QgaW4gQ2hpY2tlbiIsImRpc2hfaWRzIjpbIjU1MjgwIl0sImN1aXNpbmVfaWRzIjpbXX19;;;₹150 for one;
Khana Ghar Se Ghar Tak;/lucknow/khana-ghar-se-ghar-tak-kanpur-road/order?contextual_menu_params=eyJkaXNoX3NlYXJjaCI6eyJ0aXRsZSI6IkJlc3QgaW4gQ2hpY2tlbiIsImRpc2hfaWRzIjpbIjU1MjgwIl0sImN1aXNpbmVfaWRzIjpbXX19;;;₹100 for one;
Bonita Bakehouse & Cafe;/lucknow/bonita-bakehouse-cafe-kanpur-road/order?contextual_menu_params=eyJkaXNoX3NlYXJjaCI6eyJ0aXRsZSI6IkJlc3QgaW4gQ2hpY2tlbiIsImRpc2hfaWRzIjpbIjU1MjgwIl0sImN1aXNpbmVfaWRzIjpbXX19;;;₹400 for one;
John Bhukkad Junction;/lucknow/john-bhukkad-junction-sadar-bazaar/order?contextual_menu_params=eyJkaXNoX3NlYXJjaCI6eyJ0aXRsZSI6IkJlc3QgaW4gQ2hpY2tlbiIsImRpc2hfaWRzIjpbIjU1MjgwIl0sImN1aXNpbmVfaWRzIjpbXX19;;;₹100 for one;
Starbucks Coffee;/lucknow/starbucks-coffee-sapru-marg/order?contextual_menu_params=eyJkaXNoX3NlYXJjaCI6eyJ0aXRsZSI6IkJlc3QgaW4gQ2hpY2tlbiIsImRpc2hfaWRzIjpbIjU1MjgwIl0sImN1aXNpbmVfaWRzIjpbXX19;;;₹300 for one;
Usha Restaurant;/lucknow/usha-restaurant-1-alambagh/order?contextual_menu_params=eyJkaXNoX3NlYXJjaCI6eyJ0aXRsZSI6IkJlc3QgaW4gQ2hpY2tlbiIsImRpc2hfaWRzIjpbIjU1MjgwIl0sImN1aXNpbmVfaWRzIjpbXX19;;;₹100 for one;
The Luckhnow Food Junction;/lucknow/the-luckhnow-food-junction-husain-ganj/order?contextual_menu_params=eyJkaXNoX3NlYXJjaCI6eyJ0aXRsZSI6IkJlc3QgaW4gQ2hpY2tlbiIsImRpc2hfaWRzIjpbIjU1MjgwIl0sImN1aXNpbmVfaWRzIjpbXX19;;;₹100 for one;
Bachi N Chachi;/lucknow/bachi-n-chachi-3-aashiana/order?contextual_menu_params=eyJkaXNoX3NlYXJjaCI6eyJ0aXRsZSI6IkJlc3QgaW4gQ2hpY2tlbiIsImRpc2hfaWRzIjpbIjU1MjgwIl0sImN1aXNpbmVfaWRzIjpbXX19;;;₹150 for one;
Rail King Thali - Syona Residency;/lucknow/rail-king-thali-syona-residency-charbagh/order?contextual_menu_params=eyJkaXNoX3NlYXJjaCI6eyJ0aXRsZSI6IkJlc3QgaW4gQ2hpY2tlbiIsImRpc2hfaWRzIjpbIjU1MjgwIl0sImN1aXNpbmVfaWRzIjpbXX19;;;₹100 for one;
Sugar And Spice;/lucknow/sugar-and-spice-1-shekhpur/order?contextual_menu_params=eyJkaXNoX3NlYXJjaCI6eyJ0aXRsZSI6IkJlc3QgaW4gQ2hpY2tlbiIsImRpc2hfaWRzIjpbIjU1MjgwIl0sImN1aXNpbmVfaWRzIjpbXX19;;;₹150 for one;
Nukkar Coffee;/lucknow/nukkar-coffee-aliganj/order?contextual_menu_params=eyJkaXNoX3NlYXJjaCI6eyJ0aXRsZSI6IkJlc3QgaW4gQ2hpY2tlbiIsImRpc2hfaWRzIjpbIjU1MjgwIl0sImN1aXNpbmVfaWRzIjpbXX19;;;₹100 for one;
Eatfit;/lucknow/eatfit-aliganj/order?contextual_menu_params=eyJkaXNoX3NlYXJjaCI6eyJ0aXRsZSI6IkJlc3QgaW4gQ2hpY2tlbiIsImRpc2hfaWRzIjpbIjU1MjgwIl0sImN1aXNpbmVfaWRzIjpbXX19;;;₹200 for one;
We Eaters Cafe;/lucknow/we-eaters-cafe-3-nirala-nagar/order?contextual_menu_params=eyJkaXNoX3NlYXJjaCI6eyJ0aXRsZSI6IkJlc3QgaW4gQ2hpY2tlbiIsImRpc2hfaWRzIjpbIjU1MjgwIl0sImN1aXNpbmVfaWRzIjpbXX19;;;₹200 for one;
Kabir Eating Point;/lucknow/kabir-eating-point-1-aliganj/order?contextual_menu_params=eyJkaXNoX3NlYXJjaCI6eyJ0aXRsZSI6IkJlc3QgaW4gQ2hpY2tlbiIsImRpc2hfaWRzIjpbIjU1MjgwIl0sImN1aXNpbmVfaWRzIjpbXX19;;;₹200 for one;
Curry Hub;/lucknow/curry-hub-1-chowk/order?contextual_menu_params=eyJkaXNoX3NlYXJjaCI6eyJ0aXRsZSI6IkJlc3QgaW4gQ2hpY2tlbiIsImRpc2hfaWRzIjpbIjU1MjgwIl0sImN1aXNpbmVfaWRzIjpbXX19;;;₹200 for one;
The Preeti Eating Point;/lucknow/the-preeti-eating-point-aliganj/order?contextual_menu_params=eyJkaXNoX3NlYXJjaCI6eyJ0aXRsZSI6IkJlc3QgaW4gQ2hpY2tlbiIsImRpc2hfaWRzIjpbIjU1MjgwIl0sImN1aXNpbmVfaWRzIjpbXX19;;;₹200 for one;
Pizza King;/lucknow/pizza-king-indira-nagar/order?contextual_menu_params=eyJkaXNoX3NlYXJjaCI6eyJ0aXRsZSI6IkJlc3QgaW4gQ2hpY2tlbiIsImRpc2hfaWRzIjpbIjU1MjgwIl0sImN1aXNpbmVfaWRzIjpbXX19;;;₹200 for one;
De Lolly Kitchen;/lucknow/de-lolly-kitchen-lalbagh/order?contextual_menu_params=eyJkaXNoX3NlYXJjaCI6eyJ0aXRsZSI6IkJlc3QgaW4gQ2hpY2tlbiIsImRpc2hfaWRzIjpbIjU1MjgwIl0sImN1aXNpbmVfaWRzIjpbXX19;;;₹200 for one;
Healthy Food House;/lucknow/healthy-food-house-nirala-nagar/order?contextual_menu_params=eyJkaXNoX3NlYXJjaCI6eyJ0aXRsZSI6IkJlc3QgaW4gQ2hpY2tlbiIsImRpc2hfaWRzIjpbIjU1MjgwIl0sImN1aXNpbmVfaWRzIjpbXX19;;;₹200 for one;
Bistro;/lucknow/bistro-khadra/order?contextual_menu_params=eyJkaXNoX3NlYXJjaCI6eyJ0aXRsZSI6IkJlc3QgaW4gQ2hpY2tlbiIsImRpc2hfaWRzIjpbIjU1MjgwIl0sImN1aXNpbmVfaWRzIjpbXX19;;;₹200 for one;
My Bawarchi Khana;/lucknow/my-bawarchi-khana-aminabad/order?contextual_menu_params=eyJkaXNoX3NlYXJjaCI6eyJ0aXRsZSI6IkJlc3QgaW4gQ2hpY2tlbiIsImRpc2hfaWRzIjpbIjU1MjgwIl0sImN1aXNpbmVfaWRzIjpbXX19;;;₹200 for one;
Torii;/lucknow/torii-shekhpur/order?contextual_menu_params=eyJkaXNoX3NlYXJjaCI6eyJ0aXRsZSI6IkJlc3QgaW4gQ2hpY2tlbiIsImRpc2hfaWRzIjpbIjU1MjgwIl0sImN1aXNpbmVfaWRzIjpbXX19;;;₹200 for one;
Tori Restaurant;/lucknow/tori-restaurant-chowk/order?contextual_menu_params=eyJkaXNoX3NlYXJjaCI6eyJ0aXRsZSI6IkJlc3QgaW4gQ2hpY2tlbiIsImRpc2hfaWRzIjpbIjU1MjgwIl0sImN1aXNpbmVfaWRzIjpbXX19;;;₹200 for one;
Saundha;/lucknow/saundha-aashiana/order?contextual_menu_params=eyJkaXNoX3NlYXJjaCI6eyJ0aXRsZSI6IkJlc3QgaW4gQ2hpY2tlbiIsImRpc2hfaWRzIjpbIjU1MjgwIl0sImN1aXNpbmVfaWRzIjpbXX19;;;₹200 for one;
Go 69 Pizza;/lucknow/go-69-pizza-rajajipuram/order?contextual_menu_params=eyJkaXNoX3NlYXJjaCI6eyJ0aXRsZSI6IkJlc3QgaW4gQ2hpY2tlbiIsImRpc2hfaWRzIjpbIjU1MjgwIl0sImN1aXNpbmVfaWRzIjpbXX19;;;₹150 for one;
Nidhi's Kitchen;/lucknow/nidhis-kitchen-chowk/order?contextual_menu_params=eyJkaXNoX3NlYXJjaCI6eyJ0aXRsZSI6IkJlc3QgaW4gQ2hpY2tlbiIsImRpc2hfaWRzIjpbIjU1MjgwIl0sImN1aXNpbmVfaWRzIjpbXX19;;;₹150 for one;
The Zii Cafe;/lucknow/the-zii-cafe-khadra/order?contextual_menu_params=eyJkaXNoX3NlYXJjaCI6eyJ0aXRsZSI6IkJlc3QgaW4gQ2hpY2tlbiIsImRpc2hfaWRzIjpbIjU1MjgwIl0sImN1aXNpbmVfaWRzIjpbXX19;;;₹150 for one;
Lucknow Spices;/lucknow/lucknow-spices-aashiana/order?contextual_menu_params=eyJkaXNoX3NlYXJjaCI6eyJ0aXRsZSI6IkJlc3QgaW4gQ2hpY2tlbiIsImRpc2hfaWRzIjpbIjU1MjgwIl0sImN1aXNpbmVfaWRzIjpbXX19;;;₹150 for one;
Meals Delight;/lucknow/meals-delight-aashiana/order?contextual_menu_params=eyJkaXNoX3NlYXJjaCI6eyJ0aXRsZSI6IkJlc3QgaW4gQ2hpY2tlbiIsImRpc2hfaWRzIjpbIjU1MjgwIl0sImN1aXNpbmVfaWRzIjpbXX19;;;₹150 for one;
The Mealboxx;/lucknow/the-mealboxx-transport-nagar/order?contextual_menu_params=eyJkaXNoX3NlYXJjaCI6eyJ0aXRsZSI6IkJlc3QgaW4gQ2hpY2tlbiIsImRpc2hfaWRzIjpbIjU1MjgwIl0sImN1aXNpbmVfaWRzIjpbXX19;;;₹150 for one;
Food Master;/lucknow/food-master-transport-nagar/order?contextual_menu_params=eyJkaXNoX3NlYXJjaCI6eyJ0aXRsZSI6IkJlc3QgaW4gQ2hpY2tlbiIsImRpc2hfaWRzIjpbIjU1MjgwIl0sImN1aXNpbmVfaWRzIjpbXX19;;;₹150 for one;
Firoz Ahmad Hotel;/lucknow/firoz-ahmad-hotel-rajajipuram/order?contextual_menu_params=eyJkaXNoX3NlYXJjaCI6eyJ0aXRsZSI6IkJlc3QgaW4gQ2hpY2tlbiIsImRpc2hfaWRzIjpbIjU1MjgwIl0sImN1aXNpbmVfaWRzIjpbXX19;;;₹150 for one;
Bism Kitchen;/lucknow/bism-kitchen-shekhpur/order?contextual_menu_params=eyJkaXNoX3NlYXJjaCI6eyJ0aXRsZSI6IkJlc3QgaW4gQ2hpY2tlbiIsImRpc2hfaWRzIjpbIjU1MjgwIl0sImN1aXNpbmVfaWRzIjpbXX19;;;₹150 for one;
Kaati Zone Rolls And Wraps;/lucknow/kaati-zone-rolls-and-wraps-1-indira-nagar/order?contextual_menu_params=eyJkaXNoX3NlYXJjaCI6eyJ0aXRsZSI6IkJlc3QgaW4gQ2hpY2tlbiIsImRpc2hfaWRzIjpbIjU1MjgwIl0sImN1aXNpbmVfaWRzIjpbXX19;;;₹150 for one;
The Mughlai Biryani House;/lucknow/the-mughlai-biryani-house-nishatganj/order?contextual_menu_params=eyJkaXNoX3NlYXJjaCI6eyJ0aXRsZSI6IkJlc3QgaW4gQ2hpY2tlbiIsImRpc2hfaWRzIjpbIjU1MjgwIl0sImN1aXNpbmVfaWRzIjpbXX19;;;₹150 for one;
Thali Wala.Com;/lucknow/thali-wala-com-nishatganj/order?contextual_menu_params=eyJkaXNoX3NlYXJjaCI6eyJ0aXRsZSI6IkJlc3QgaW4gQ2hpY2tlbiIsImRpc2hfaWRzIjpbIjU1MjgwIl0sImN1aXNpbmVfaWRzIjpbXX19;;;₹150 for one;
Fresh House;/lucknow/fresh-house-shekhpur/order?contextual_menu_params=eyJkaXNoX3NlYXJjaCI6eyJ0aXRsZSI6IkJlc3QgaW4gQ2hpY2tlbiIsImRpc2hfaWRzIjpbIjU1MjgwIl0sImN1aXNpbmVfaWRzIjpbXX19;;;₹150 for one;
Mezbaan Muradabadi Chicken Biryani;/lucknow/mezbaan-muradabadi-chicken-biryani-lalbagh/order?contextual_menu_params=eyJkaXNoX3NlYXJjaCI6eyJ0aXRsZSI6IkJlc3QgaW4gQ2hpY2tlbiIsImRpc2hfaWRzIjpbIjU1MjgwIl0sImN1aXNpbmVfaWRzIjpbXX19;;;₹150 for one;
Bentoz Pizza;/lucknow/bentoz-pizza-indira-nagar/order?contextual_menu_params=eyJkaXNoX3NlYXJjaCI6eyJ0aXRsZSI6IkJlc3QgaW4gQ2hpY2tlbiIsImRpc2hfaWRzIjpbIjU1MjgwIl0sImN1aXNpbmVfaWRzIjpbXX19;;;₹100 for one;
NETRO FITNESS CAFETERIA;/lucknow/netro-fitness-cafeteria-rajajipuram/order?contextual_menu_params=eyJkaXNoX3NlYXJjaCI6eyJ0aXRsZSI6IkJlc3QgaW4gQ2hpY2tlbiIsImRpc2hfaWRzIjpbIjU1MjgwIl0sImN1aXNpbmVfaWRzIjpbXX19;;;₹100 for one;
Burger Lane;/lucknow/burger-lane-rajajipuram/order?contextual_menu_params=eyJkaXNoX3NlYXJjaCI6eyJ0aXRsZSI6IkJlc3QgaW4gQ2hpY2tlbiIsImRpc2hfaWRzIjpbIjU1MjgwIl0sImN1aXNpbmVfaWRzIjpbXX19;;;₹150 for one;
Mid Night Food Plaza;/lucknow/mid-night-food-plaza-chowk/order?contextual_menu_params=eyJkaXNoX3NlYXJjaCI6eyJ0aXRsZSI6IkJlc3QgaW4gQ2hpY2tlbiIsImRpc2hfaWRzIjpbIjU1MjgwIl0sImN1aXNpbmVfaWRzIjpbXX19;;;₹500 for one;
Italian Pizza;/lucknow/italian-pizza-nirala-nagar/order?contextual_menu_params=eyJkaXNoX3NlYXJjaCI6eyJ0aXRsZSI6IkJlc3QgaW4gQ2hpY2tlbiIsImRpc2hfaWRzIjpbIjU1MjgwIl0sImN1aXNpbmVfaWRzIjpbXX19;;;₹150 for one;
Cherry Cafe;/lucknow/cherry-cafe-aliganj/order?contextual_menu_params=eyJkaXNoX3NlYXJjaCI6eyJ0aXRsZSI6IkJlc3QgaW4gQ2hpY2tlbiIsImRpc2hfaWRzIjpbIjU1MjgwIl0sImN1aXNpbmVfaWRzIjpbXX19;;;₹100 for one;
Red Chilliz;/lucknow/red-chilliz-2-indira-nagar/order?contextual_menu_params=eyJkaXNoX3NlYXJjaCI6eyJ0aXRsZSI6IkJlc3QgaW4gQ2hpY2tlbiIsImRpc2hfaWRzIjpbIjU1MjgwIl0sImN1aXNpbmVfaWRzIjpbXX19;;;₹200 for one;
Baati Chokha;/lucknow/baati-chokha-aashiana/order?contextual_menu_params=eyJkaXNoX3NlYXJjaCI6eyJ0aXRsZSI6IkJlc3QgaW4gQ2hpY2tlbiIsImRpc2hfaWRzIjpbIjU1MjgwIl0sImN1aXNpbmVfaWRzIjpbXX19;;;₹200 for one;
Bambino'z Food;/lucknow/bambinoz-food-chowk/order?contextual_menu_params=eyJkaXNoX3NlYXJjaCI6eyJ0aXRsZSI6IkJlc3QgaW4gQ2hpY2tlbiIsImRpc2hfaWRzIjpbIjU1MjgwIl0sImN1aXNpbmVfaWRzIjpbXX19;;;₹100 for one;
Big Indian Rolls & Kebabs;/lucknow/big-indian-rolls-kebabs-alambagh/order?contextual_menu_params=eyJkaXNoX3NlYXJjaCI6eyJ0aXRsZSI6IkJlc3QgaW4gQ2hpY2tlbiIsImRpc2hfaWRzIjpbIjU1MjgwIl0sImN1aXNpbmVfaWRzIjpbXX19;;;₹150 for one;
Fortune Deli;/lucknow/fortune-deli-hazratganj/order?contextual_menu_params=eyJkaXNoX3NlYXJjaCI6eyJ0aXRsZSI6IkJlc3QgaW4gQ2hpY2tlbiIsImRpc2hfaWRzIjpbIjU1MjgwIl0sImN1aXNpbmVfaWRzIjpbXX19;;;₹150 for one;
King Of Chicken;/lucknow/king-of-chicken-nirala-nagar/order?contextual_menu_params=eyJkaXNoX3NlYXJjaCI6eyJ0aXRsZSI6IkJlc3QgaW4gQ2hpY2tlbiIsImRpc2hfaWRzIjpbIjU1MjgwIl0sImN1aXNpbmVfaWRzIjpbXX19;;;₹150 for one;
We Eaters Cafe;/lucknow/we-eaters-cafe-triveni-nagar/order?contextual_menu_params=eyJkaXNoX3NlYXJjaCI6eyJ0aXRsZSI6IkJlc3QgaW4gQ2hpY2tlbiIsImRpc2hfaWRzIjpbIjU1MjgwIl0sImN1aXNpbmVfaWRzIjpbXX19;;;₹150 for one;
Faasos - Wraps, Rolls & Shawarma;/lucknow/faasos-wraps-rolls-shawarma-hazratganj/order?contextual_menu_params=eyJkaXNoX3NlYXJjaCI6eyJ0aXRsZSI6IkJlc3QgaW4gQ2hpY2tlbiIsImRpc2hfaWRzIjpbIjU1MjgwIl0sImN1aXNpbmVfaWRzIjpbXX19;;;₹150 for one;
La Milano Pizzeria;/lucknow/la-milano-pizzeria-chowk/order?contextual_menu_params=eyJkaXNoX3NlYXJjaCI6eyJ0aXRsZSI6IkJlc3QgaW4gQ2hpY2tlbiIsImRpc2hfaWRzIjpbIjU1MjgwIl0sImN1aXNpbmVfaWRzIjpbXX19;;;₹150 for one;
Dastarkhwan;/lucknow/dastarkhwan-1-kaiserbagh/order?contextual_menu_params=eyJkaXNoX3NlYXJjaCI6eyJ0aXRsZSI6IkJlc3QgaW4gQ2hpY2tlbiIsImRpc2hfaWRzIjpbIjU1MjgwIl0sImN1aXNpbmVfaWRzIjpbXX19;;;₹150 for one;
The Mughal's Dastarkhwan;/lucknow/the-mughals-dastarkhwan-lalbagh/order?contextual_menu_params=eyJkaXNoX3NlYXJjaCI6eyJ0aXRsZSI6IkJlc3QgaW4gQ2hpY2tlbiIsImRpc2hfaWRzIjpbIjU1MjgwIl0sImN1aXNpbmVfaWRzIjpbXX19;;;₹150 for one;
Non Veg Point;/lucknow/non-veg-point-chowk/order?contextual_menu_params=eyJkaXNoX3NlYXJjaCI6eyJ0aXRsZSI6IkJlc3QgaW4gQ2hpY2tlbiIsImRpc2hfaWRzIjpbIjU1MjgwIl0sImN1aXNpbmVfaWRzIjpbXX19;;;₹150 for one;
Beera Mutton;/lucknow/beera-mutton-aashiana/order?contextual_menu_params=eyJkaXNoX3NlYXJjaCI6eyJ0aXRsZSI6IkJlc3QgaW4gQ2hpY2tlbiIsImRpc2hfaWRzIjpbIjU1MjgwIl0sImN1aXNpbmVfaWRzIjpbXX19;;;₹150 for one;
Al Lazeez;/lucknow/al-lazeez-aashiana/order?contextual_menu_params=eyJkaXNoX3NlYXJjaCI6eyJ0aXRsZSI6IkJlc3QgaW4gQ2hpY2tlbiIsImRpc2hfaWRzIjpbIjU1MjgwIl0sImN1aXNpbmVfaWRzIjpbXX19;;;₹150 for one;
Mama Mutton;/lucknow/mama-mutton-alambagh/order?contextual_menu_params=eyJkaXNoX3NlYXJjaCI6eyJ0aXRsZSI6IkJlc3QgaW4gQ2hpY2tlbiIsImRpc2hfaWRzIjpbIjU1MjgwIl0sImN1aXNpbmVfaWRzIjpbXX19;;;₹150 for one;
Al - Baike - Arabecue;/lucknow/al-baike-arabecue-chowk/order?contextual_menu_params=eyJkaXNoX3NlYXJjaCI6eyJ0aXRsZSI6IkJlc3QgaW4gQ2hpY2tlbiIsImRpc2hfaWRzIjpbIjU1MjgwIl0sImN1aXNpbmVfaWRzIjpbXX19;;;₹150 for one;
Al Baike- Aminabad;/lucknow/al-baike-aminabad-aminabad/order?contextual_menu_params=eyJkaXNoX3NlYXJjaCI6eyJ0aXRsZSI6IkJlc3QgaW4gQ2hpY2tlbiIsImRpc2hfaWRzIjpbIjU1MjgwIl0sImN1aXNpbmVfaWRzIjpbXX19;;;₹150 for one;
Grand Son Of Tunday Kababi;/lucknow/grand-son-of-tunday-kababi-aashiana/order?contextual_menu_params=eyJkaXNoX3NlYXJjaCI6eyJ0aXRsZSI6IkJlc3QgaW4gQ2hpY2tlbiIsImRpc2hfaWRzIjpbIjU1MjgwIl0sImN1aXNpbmVfaWRzIjpbXX19;;;₹150 for one;
Billu Tandooria;/lucknow/billu-tandooria-aashiana/order?contextual_menu_params=eyJkaXNoX3NlYXJjaCI6eyJ0aXRsZSI6IkJlc3QgaW4gQ2hpY2tlbiIsImRpc2hfaWRzIjpbIjU1MjgwIl0sImN1aXNpbmVfaWRzIjpbXX19;;;₹150 for one;
Saif Nonveg Corner;/lucknow/saif-nonveg-corner-chowk/order?contextual_menu_params=eyJkaXNoX3NlYXJjaCI6eyJ0aXRsZSI6IkJlc3QgaW4gQ2hpY2tlbiIsImRpc2hfaWRzIjpbIjU1MjgwIl0sImN1aXNpbmVfaWRzIjpbXX19;;;₹150 for one;
Prem Non Veg Point;/lucknow/prem-non-veg-point-hazratganj/order?contextual_menu_params=eyJkaXNoX3NlYXJjaCI6eyJ0aXRsZSI6IkJlc3QgaW4gQ2hpY2tlbiIsImRpc2hfaWRzIjpbIjU1MjgwIl0sImN1aXNpbmVfaWRzIjpbXX19;;;₹150 for one;
Ajay Non Veg Point;/lucknow/ajay-non-veg-point-hazratganj/order?contextual_menu_params=eyJkaXNoX3NlYXJjaCI6eyJ0aXRsZSI6IkJlc3QgaW4gQ2hpY2tlbiIsImRpc2hfaWRzIjpbIjU1MjgwIl0sImN1aXNpbmVfaWRzIjpbXX19;;;₹150 for one;
Red Dragon;/lucknow/red-dragon-mahanagar/order?contextual_menu_params=eyJkaXNoX3NlYXJjaCI6eyJ0aXRsZSI6IkJlc3QgaW4gQ2hpY2tlbiIsImRpc2hfaWRzIjpbIjU1MjgwIl0sImN1aXNpbmVfaWRzIjpbXX19;;;₹150 for one;
Milan Biryani Corner;/lucknow/milan-biryani-corner-1-aliganj/order?contextual_menu_params=eyJkaXNoX3NlYXJjaCI6eyJ0aXRsZSI6IkJlc3QgaW4gQ2hpY2tlbiIsImRpc2hfaWRzIjpbIjU1MjgwIl0sImN1aXNpbmVfaWRzIjpbXX19;;;₹150 for one;
Barkaas Indo-Arabic Restaurant;/lucknow/barkaas-indo-arabic-restaurant-1-aliganj/order?contextual_menu_params=eyJkaXNoX3NlYXJjaCI6eyJ0aXRsZSI6IkJlc3QgaW4gQ2hpY2tlbiIsImRpc2hfaWRzIjpbIjU1MjgwIl0sImN1aXNpbmVfaWRzIjpbXX19;;;₹150 for one;
Kareem's;/lucknow/kareems-alambagh/order?contextual_menu_params=eyJkaXNoX3NlYXJjaCI6eyJ0aXRsZSI6IkJlc3QgaW4gQ2hpY2tlbiIsImRpc2hfaWRzIjpbIjU1MjgwIl0sImN1aXNpbmVfaWRzIjpbXX19;;;₹150 for one;
Old Al-Baik;/lucknow/old-al-baik-chowk/order?contextual_menu_params=eyJkaXNoX3NlYXJjaCI6eyJ0aXRsZSI6IkJlc3QgaW4gQ2hpY2tlbiIsImRpc2hfaWRzIjpbIjU1MjgwIl0sImN1aXNpbmVfaWRzIjpbXX19;;;₹150 for one;
Hotel Lazeez Al Darbar;/lucknow/hotel-lazeez-al-darbar-chowk/order?contextual_menu_params=eyJkaXNoX3NlYXJjaCI6eyJ0aXRsZSI6IkJlc3QgaW4gQ2hpY2tlbiIsImRpc2hfaWRzIjpbIjU1MjgwIl0sImN1aXNpbmVfaWRzIjpbXX19;;;₹150 for one;
Kareem Kababi;/lucknow/kareem-kababi-aminabad/order?contextual_menu_params=eyJkaXNoX3NlYXJjaCI6eyJ0aXRsZSI6IkJlc3QgaW4gQ2hpY2tlbiIsImRpc2hfaWRzIjpbIjU1MjgwIl0sImN1aXNpbmVfaWRzIjpbXX19;;;₹150 for one;
Daal Mein Kala;/lucknow/daal-mein-kala-mahanagar/order?contextual_menu_params=eyJkaXNoX3NlYXJjaCI6eyJ0aXRsZSI6IkJlc3QgaW4gQ2hpY2tlbiIsImRpc2hfaWRzIjpbIjU1MjgwIl0sImN1aXNpbmVfaWRzIjpbXX19;;;₹150 for one;
Biryani House;/lucknow/biryani-house-aashiana/order?contextual_menu_params=eyJkaXNoX3NlYXJjaCI6eyJ0aXRsZSI6IkJlc3QgaW4gQ2hpY2tlbiIsImRpc2hfaWRzIjpbIjU1MjgwIl0sImN1aXNpbmVfaWRzIjpbXX19;;;₹150 for one;
Al - Baik;/lucknow/al-baik-6-chowk/order?contextual_menu_params=eyJkaXNoX3NlYXJjaCI6eyJ0aXRsZSI6IkJlc3QgaW4gQ2hpY2tlbiIsImRpc2hfaWRzIjpbIjU1MjgwIl0sImN1aXNpbmVfaWRzIjpbXX19;;;₹150 for one;
Rajdhani Non Veg Centre;/lucknow/rajdhani-non-veg-centre-aashiana/order?contextual_menu_params=eyJkaXNoX3NlYXJjaCI6eyJ0aXRsZSI6IkJlc3QgaW4gQ2hpY2tlbiIsImRpc2hfaWRzIjpbIjU1MjgwIl0sImN1aXNpbmVfaWRzIjpbXX19;;;₹150 for one;
Shahid Biryani;/lucknow/shahid-biryani-chowk/order?contextual_menu_params=eyJkaXNoX3NlYXJjaCI6eyJ0aXRsZSI6IkJlc3QgaW4gQ2hpY2tlbiIsImRpc2hfaWRzIjpbIjU1MjgwIl0sImN1aXNpbmVfaWRzIjpbXX19;;;₹200 for one;
Mamagoto;/lucknow/mamagoto-gomti-nagar/order?contextual_menu_params=eyJkaXNoX3NlYXJjaCI6eyJ0aXRsZSI6IkJlc3QgaW4gQ2hpY2tlbiIsImRpc2hfaWRzIjpbIjU1MjgwIl0sImN1aXNpbmVfaWRzIjpbXX19;;;₹200 for one;
Chawlas 2;/lucknow/chawlas-2-alambagh/order?contextual_menu_params=eyJkaXNoX3NlYXJjaCI6eyJ0aXRsZSI6IkJlc3QgaW4gQ2hpY2tlbiIsImRpc2hfaWRzIjpbIjU1MjgwIl0sImN1aXNpbmVfaWRzIjpbXX19;;;₹200 for one;
Pankaj Non Veg Point;/lucknow/pankaj-non-veg-point-hazratganj/order?contextual_menu_params=eyJkaXNoX3NlYXJjaCI6eyJ0aXRsZSI6IkJlc3QgaW4gQ2hpY2tlbiIsImRpc2hfaWRzIjpbIjU1MjgwIl0sImN1aXNpbmVfaWRzIjpbXX19;;;₹200 for one;
Al Bake Arabian Knights;/lucknow/al-bake-arabian-knights-1-chowk/order?contextual_menu_params=eyJkaXNoX3NlYXJjaCI6eyJ0aXRsZSI6IkJlc3QgaW4gQ2hpY2tlbiIsImRpc2hfaWRzIjpbIjU1MjgwIl0sImN1aXNpbmVfaWRzIjpbXX19;;;₹200 for one;
Champaran Meat House;/lucknow/champaran-meat-house-nirala-nagar/order?contextual_menu_params=eyJkaXNoX3NlYXJjaCI6eyJ0aXRsZSI6IkJlc3QgaW4gQ2hpY2tlbiIsImRpc2hfaWRzIjpbIjU1MjgwIl0sImN1aXNpbmVfaWRzIjpbXX19;;;₹200 for one;
The Punjab;/lucknow/the-punjab-1-aashiana/order?contextual_menu_params=eyJkaXNoX3NlYXJjaCI6eyJ0aXRsZSI6IkJlc3QgaW4gQ2hpY2tlbiIsImRpc2hfaWRzIjpbIjU1MjgwIl0sImN1aXNpbmVfaWRzIjpbXX19;;;₹200 for one;
Barkaas -  Indo - Arabic Restaurant;/lucknow/barkaas-indo-arabic-restaurant-sapru-marg/order?contextual_menu_params=eyJkaXNoX3NlYXJjaCI6eyJ0aXRsZSI6IkJlc3QgaW4gQ2hpY2tlbiIsImRpc2hfaWRzIjpbIjU1MjgwIl0sImN1aXNpbmVfaWRzIjpbXX19;;;₹200 for one;
Zeeshan Biryani Corner;/lucknow/zeeshan-biryani-corner-lalbagh/order?contextual_menu_params=eyJkaXNoX3NlYXJjaCI6eyJ0aXRsZSI6IkJlc3QgaW4gQ2hpY2tlbiIsImRpc2hfaWRzIjpbIjU1MjgwIl0sImN1aXNpbmVfaWRzIjpbXX19;;;₹200 for one;
Moti Mahal Delux;/lucknow/moti-mahal-delux-hazratganj/order?contextual_menu_params=eyJkaXNoX3NlYXJjaCI6eyJ0aXRsZSI6IkJlc3QgaW4gQ2hpY2tlbiIsImRpc2hfaWRzIjpbIjU1MjgwIl0sImN1aXNpbmVfaWRzIjpbXX19;;;₹200 for one;
Yashraj Nonveg Hub;/lucknow/yashraj-nonveg-hub-1-rajajipuram/order?contextual_menu_params=eyJkaXNoX3NlYXJjaCI6eyJ0aXRsZSI6IkJlc3QgaW4gQ2hpY2tlbiIsImRpc2hfaWRzIjpbIjU1MjgwIl0sImN1aXNpbmVfaWRzIjpbXX19;;;₹200 for one;
RK Biryani;/lucknow/rk-biryani-aashiana/order?contextual_menu_params=eyJkaXNoX3NlYXJjaCI6eyJ0aXRsZSI6IkJlc3QgaW4gQ2hpY2tlbiIsImRpc2hfaWRzIjpbIjU1MjgwIl0sImN1aXNpbmVfaWRzIjpbXX19;;;₹200 for one;
Mundey Punjabi;/lucknow/mundey-punjabi-1-alambagh/order?contextual_menu_params=eyJkaXNoX3NlYXJjaCI6eyJ0aXRsZSI6IkJlc3QgaW4gQ2hpY2tlbiIsImRpc2hfaWRzIjpbIjU1MjgwIl0sImN1aXNpbmVfaWRzIjpbXX19;;;₹200 for one;
Khana Badosh;/lucknow/khana-badosh-rajajipuram/order?contextual_menu_params=eyJkaXNoX3NlYXJjaCI6eyJ0aXRsZSI6IkJlc3QgaW4gQ2hpY2tlbiIsImRpc2hfaWRzIjpbIjU1MjgwIl0sImN1aXNpbmVfaWRzIjpbXX19;;;₹200 for one;
Tikke Da Ikka;/lucknow/tikke-da-ikka-aashiana/order?contextual_menu_params=eyJkaXNoX3NlYXJjaCI6eyJ0aXRsZSI6IkJlc3QgaW4gQ2hpY2tlbiIsImRpc2hfaWRzIjpbIjU1MjgwIl0sImN1aXNpbmVfaWRzIjpbXX19;;;₹200 for one;
Take Off Point;/lucknow/take-off-point-alambagh/order?contextual_menu_params=eyJkaXNoX3NlYXJjaCI6eyJ0aXRsZSI6IkJlc3QgaW4gQ2hpY2tlbiIsImRpc2hfaWRzIjpbIjU1MjgwIl0sImN1aXNpbmVfaWRzIjpbXX19;;;₹200 for one;
AkbariGate;/lucknow/akbarigate-mahanagar/order?contextual_menu_params=eyJkaXNoX3NlYXJjaCI6eyJ0aXRsZSI6IkJlc3QgaW4gQ2hpY2tlbiIsImRpc2hfaWRzIjpbIjU1MjgwIl0sImN1aXNpbmVfaWRzIjpbXX19;;;₹200 for one;
KFC;/lucknow/kfc-4-aashiana/order?contextual_menu_params=eyJkaXNoX3NlYXJjaCI6eyJ0aXRsZSI6IkJlc3QgaW4gQ2hpY2tlbiIsImRpc2hfaWRzIjpbIjU1MjgwIl0sImN1aXNpbmVfaWRzIjpbXX19;;;₹200 for one;
Cappuccino Blast;/lucknow/cappuccino-blast-hazratganj/order?contextual_menu_params=eyJkaXNoX3NlYXJjaCI6eyJ0aXRsZSI6IkJlc3QgaW4gQ2hpY2tlbiIsImRpc2hfaWRzIjpbIjU1MjgwIl0sImN1aXNpbmVfaWRzIjpbXX19;;;₹200 for one;
Champaran Meat House;/lucknow/champaran-meat-house-aashiana/order?contextual_menu_params=eyJkaXNoX3NlYXJjaCI6eyJ0aXRsZSI6IkJlc3QgaW4gQ2hpY2tlbiIsImRpc2hfaWRzIjpbIjU1MjgwIl0sImN1aXNpbmVfaWRzIjpbXX19;;;₹200 for one;
Wahid Biryani;/lucknow/wahid-biryani-2-rajajipuram/order?contextual_menu_params=eyJkaXNoX3NlYXJjaCI6eyJ0aXRsZSI6IkJlc3QgaW4gQ2hpY2tlbiIsImRpc2hfaWRzIjpbIjU1MjgwIl0sImN1aXNpbmVfaWRzIjpbXX19;;;₹200 for one;
Balle Balle Eating Joint;/lucknow/balle-balle-eating-joint-aashiana/order?contextual_menu_params=eyJkaXNoX3NlYXJjaCI6eyJ0aXRsZSI6IkJlc3QgaW4gQ2hpY2tlbiIsImRpc2hfaWRzIjpbIjU1MjgwIl0sImN1aXNpbmVfaWRzIjpbXX19;;;₹200 for one;
Daal Mein Kala;/lucknow/daal-mein-kala-1-hazratganj/order?contextual_menu_params=eyJkaXNoX3NlYXJjaCI6eyJ0aXRsZSI6IkJlc3QgaW4gQ2hpY2tlbiIsImRpc2hfaWRzIjpbIjU1MjgwIl0sImN1aXNpbmVfaWRzIjpbXX19;;;₹200 for one;
Aryan Family's Delight;/lucknow/aryan-familys-delight-alambagh/order?contextual_menu_params=eyJkaXNoX3NlYXJjaCI6eyJ0aXRsZSI6IkJlc3QgaW4gQ2hpY2tlbiIsImRpc2hfaWRzIjpbIjU1MjgwIl0sImN1aXNpbmVfaWRzIjpbXX19;;;₹200 for one;
Chung Fa Chinese Restaurant - Since 1981;/lucknow/chung-fa-chinese-restaurant-since-1981-mahanagar/order?contextual_menu_params=eyJkaXNoX3NlYXJjaCI6eyJ0aXRsZSI6IkJlc3QgaW4gQ2hpY2tlbiIsImRpc2hfaWRzIjpbIjU1MjgwIl0sImN1aXNpbmVfaWRzIjpbXX19;;;₹300 for one;
Kuduk Chicken;/lucknow/kuduk-chicken-1-chowk/order?contextual_menu_params=eyJkaXNoX3NlYXJjaCI6eyJ0aXRsZSI6IkJlc3QgaW4gQ2hpY2tlbiIsImRpc2hfaWRzIjpbIjU1MjgwIl0sImN1aXNpbmVfaWRzIjpbXX19;;;₹300 for one;
Radical Palace Restaurant;/lucknow/radical-palace-restaurant-charbagh/order?contextual_menu_params=eyJkaXNoX3NlYXJjaCI6eyJ0aXRsZSI6IkJlc3QgaW4gQ2hpY2tlbiIsImRpc2hfaWRzIjpbIjU1MjgwIl0sImN1aXNpbmVfaWRzIjpbXX19;;;₹300 for one;
Non Veg Corner & Veg Fast Food;/lucknow/non-veg-corner-veg-fast-food-rajajipuram/order?contextual_menu_params=eyJkaXNoX3NlYXJjaCI6eyJ0aXRsZSI6IkJlc3QgaW4gQ2hpY2tlbiIsImRpc2hfaWRzIjpbIjU1MjgwIl0sImN1aXNpbmVfaWRzIjpbXX19;;;₹300 for one;
Cafe Lilli;/lucknow/cafe-lilli-alambagh/order?contextual_menu_params=eyJkaXNoX3NlYXJjaCI6eyJ0aXRsZSI6IkJlc3QgaW4gQ2hpY2tlbiIsImRpc2hfaWRzIjpbIjU1MjgwIl0sImN1aXNpbmVfaWRzIjpbXX19;;;₹300 for one;
Tanatan;/lucknow/tanatan-hazratganj/order?contextual_menu_params=eyJkaXNoX3NlYXJjaCI6eyJ0aXRsZSI6IkJlc3QgaW4gQ2hpY2tlbiIsImRpc2hfaWRzIjpbIjU1MjgwIl0sImN1aXNpbmVfaWRzIjpbXX19;;;₹300 for one;
Siraj Restaurant;/lucknow/siraj-restaurant-1-chowk/order?contextual_menu_params=eyJkaXNoX3NlYXJjaCI6eyJ0aXRsZSI6IkJlc3QgaW4gQ2hpY2tlbiIsImRpc2hfaWRzIjpbIjU1MjgwIl0sImN1aXNpbmVfaWRzIjpbXX19;;;₹300 for one;
Punjabi Pind;/lucknow/punjabi-pind-aashiana/order?contextual_menu_params=eyJkaXNoX3NlYXJjaCI6eyJ0aXRsZSI6IkJlc3QgaW4gQ2hpY2tlbiIsImRpc2hfaWRzIjpbIjU1MjgwIl0sImN1aXNpbmVfaWRzIjpbXX19;;;₹300 for one;
Mashi Biryani World;/mashibiryani/order?contextual_menu_params=eyJkaXNoX3NlYXJjaCI6eyJ0aXRsZSI6IkJlc3QgaW4gQ2hpY2tlbiIsImRpc2hfaWRzIjpbIjU1MjgwIl0sImN1aXNpbmVfaWRzIjpbXX19;;;₹300 for one;
Zayka By TGR;/lucknow/zayka-by-tgr-1-husain-ganj/order?contextual_menu_params=eyJkaXNoX3NlYXJjaCI6eyJ0aXRsZSI6IkJlc3QgaW4gQ2hpY2tlbiIsImRpc2hfaWRzIjpbIjU1MjgwIl0sImN1aXNpbmVfaWRzIjpbXX19;;;₹300 for one;
Al Baik Restaurant;/lucknow/al-baik-restaurant-chowk/order?contextual_menu_params=eyJkaXNoX3NlYXJjaCI6eyJ0aXRsZSI6IkJlc3QgaW4gQ2hpY2tlbiIsImRpc2hfaWRzIjpbIjU1MjgwIl0sImN1aXNpbmVfaWRzIjpbXX19;;;₹300 for one;
Spicy Bite - Tulsi Complex;/lucknow/spicy-bite-tulsi-complex-hazratganj/order?contextual_menu_params=eyJkaXNoX3NlYXJjaCI6eyJ0aXRsZSI6IkJlc3QgaW4gQ2hpY2tlbiIsImRpc2hfaWRzIjpbIjU1MjgwIl0sImN1aXNpbmVfaWRzIjpbXX19;;;₹300 for one;
Singh Non Veg Point;/lucknow/singh-non-veg-point-alambagh/order?contextual_menu_params=eyJkaXNoX3NlYXJjaCI6eyJ0aXRsZSI6IkJlc3QgaW4gQ2hpY2tlbiIsImRpc2hfaWRzIjpbIjU1MjgwIl0sImN1aXNpbmVfaWRzIjpbXX19;;;₹250 for one;
Ecotel Cafe;/lucknow/ecotel-cafe-kanpur-road/order?contextual_menu_params=eyJkaXNoX3NlYXJjaCI6eyJ0aXRsZSI6IkJlc3QgaW4gQ2hpY2tlbiIsImRpc2hfaWRzIjpbIjU1MjgwIl0sImN1aXNpbmVfaWRzIjpbXX19;;;₹250 for one;
Fish Lake;/lucknow/fish-lake-1-aashiana/order?contextual_menu_params=eyJkaXNoX3NlYXJjaCI6eyJ0aXRsZSI6IkJlc3QgaW4gQ2hpY2tlbiIsImRpc2hfaWRzIjpbIjU1MjgwIl0sImN1aXNpbmVfaWRzIjpbXX19;;;₹250 for one;
Hotel Charminar;/lucknow/hotel-charminar-lalbagh/order?contextual_menu_params=eyJkaXNoX3NlYXJjaCI6eyJ0aXRsZSI6IkJlc3QgaW4gQ2hpY2tlbiIsImRpc2hfaWRzIjpbIjU1MjgwIl0sImN1aXNpbmVfaWRzIjpbXX19;;;₹250 for one;
Shabaan Non-Veg Tikka Corner;/lucknow/shabaan-non-veg-tikka-corner-chowk/order?contextual_menu_params=eyJkaXNoX3NlYXJjaCI6eyJ0aXRsZSI6IkJlc3QgaW4gQ2hpY2tlbiIsImRpc2hfaWRzIjpbIjU1MjgwIl0sImN1aXNpbmVfaWRzIjpbXX19;;;₹250 for one;
Mughal Zaika;/lucknow/mughal-zaika-aliganj/order?contextual_menu_params=eyJkaXNoX3NlYXJjaCI6eyJ0aXRsZSI6IkJlc3QgaW4gQ2hpY2tlbiIsImRpc2hfaWRzIjpbIjU1MjgwIl0sImN1aXNpbmVfaWRzIjpbXX19;;;₹250 for one;
Bikkgane Biryani;/lucknow/bikkgane-biryani-aashiana/order?contextual_menu_params=eyJkaXNoX3NlYXJjaCI6eyJ0aXRsZSI6IkJlc3QgaW4gQ2hpY2tlbiIsImRpc2hfaWRzIjpbIjU1MjgwIl0sImN1aXNpbmVfaWRzIjpbXX19;;;₹250 for one;
Wok To Remember;/lucknow/wok-to-remember-aishbagh/order?contextual_menu_params=eyJkaXNoX3NlYXJjaCI6eyJ0aXRsZSI6IkJlc3QgaW4gQ2hpY2tlbiIsImRpc2hfaWRzIjpbIjU1MjgwIl0sImN1aXNpbmVfaWRzIjpbXX19;;;₹250 for one;
Arabesca - Indo Arabic Restaurant;/lucknow/arabesca-indo-arabic-restaurant-kaiserbagh/order?contextual_menu_params=eyJkaXNoX3NlYXJjaCI6eyJ0aXRsZSI6IkJlc3QgaW4gQ2hpY2tlbiIsImRpc2hfaWRzIjpbIjU1MjgwIl0sImN1aXNpbmVfaWRzIjpbXX19;;;₹250 for one;
Cafily Roaster;/lucknow/cafily-roaster-aashiana/order?contextual_menu_params=eyJkaXNoX3NlYXJjaCI6eyJ0aXRsZSI6IkJlc3QgaW4gQ2hpY2tlbiIsImRpc2hfaWRzIjpbIjU1MjgwIl0sImN1aXNpbmVfaWRzIjpbXX19;;;₹250 for one;
M.M Champaran Handi Meat Khazana;/lucknow/m-m-champaran-handi-meat-khazana-transport-nagar/order?contextual_menu_params=eyJkaXNoX3NlYXJjaCI6eyJ0aXRsZSI6IkJlc3QgaW4gQ2hpY2tlbiIsImRpc2hfaWRzIjpbIjU1MjgwIl0sImN1aXNpbmVfaWRzIjpbXX19;;;₹250 for one;
Raj Fish House;/lucknow/raj-fish-house-1-charbagh/order?contextual_menu_params=eyJkaXNoX3NlYXJjaCI6eyJ0aXRsZSI6IkJlc3QgaW4gQ2hpY2tlbiIsImRpc2hfaWRzIjpbIjU1MjgwIl0sImN1aXNpbmVfaWRzIjpbXX19;;;₹250 for one;
The Raheem's;/lucknow/the-raheems-chowk/order?contextual_menu_params=eyJkaXNoX3NlYXJjaCI6eyJ0aXRsZSI6IkJlc3QgaW4gQ2hpY2tlbiIsImRpc2hfaWRzIjpbIjU1MjgwIl0sImN1aXNpbmVfaWRzIjpbXX19;;;₹200 for one;
Uncle Fish Fry;/lucknow/uncle-fish-fry-alambagh/order?contextual_menu_params=eyJkaXNoX3NlYXJjaCI6eyJ0aXRsZSI6IkJlc3QgaW4gQ2hpY2tlbiIsImRpc2hfaWRzIjpbIjU1MjgwIl0sImN1aXNpbmVfaWRzIjpbXX19;;;₹200 for one;
Karim's - The Original From Jama Masjid Delhi 6;/lucknow/karims-the-original-from-jama-masjid-delhi-6-lalbagh/order?contextual_menu_params=eyJkaXNoX3NlYXJjaCI6eyJ0aXRsZSI6IkJlc3QgaW4gQ2hpY2tlbiIsImRpc2hfaWRzIjpbIjU1MjgwIl0sImN1aXNpbmVfaWRzIjpbXX19;;;₹200 for one;
Courtyard Mashaal By The Carlton Hotel;/lucknow/courtyard-mashaal-by-the-carlton-hotel-hazratganj/order?contextual_menu_params=eyJkaXNoX3NlYXJjaCI6eyJ0aXRsZSI6IkJlc3QgaW4gQ2hpY2tlbiIsImRpc2hfaWRzIjpbIjU1MjgwIl0sImN1aXNpbmVfaWRzIjpbXX19;;;₹200 for one;
Zaika By Gemini Continental Hotel;/lucknow/zaika-by-gemini-continental-hotel-hazratganj/order?contextual_menu_params=eyJkaXNoX3NlYXJjaCI6eyJ0aXRsZSI6IkJlc3QgaW4gQ2hpY2tlbiIsImRpc2hfaWRzIjpbIjU1MjgwIl0sImN1aXNpbmVfaWRzIjpbXX19;;;₹200 for one;
Al Laziz Biryani;/lucknow/al-laziz-biryani-aminabad/order?contextual_menu_params=eyJkaXNoX3NlYXJjaCI6eyJ0aXRsZSI6IkJlc3QgaW4gQ2hpY2tlbiIsImRpc2hfaWRzIjpbIjU1MjgwIl0sImN1aXNpbmVfaWRzIjpbXX19;;;₹200 for one;
Tikka Mahal;/lucknow/tikka-mahal-aashiana/order?contextual_menu_params=eyJkaXNoX3NlYXJjaCI6eyJ0aXRsZSI6IkJlc3QgaW4gQ2hpY2tlbiIsImRpc2hfaWRzIjpbIjU1MjgwIl0sImN1aXNpbmVfaWRzIjpbXX19;;;₹200 for one;
Non Veg Junction;/lucknow/non-veg-junction-alambagh/order?contextual_menu_params=eyJkaXNoX3NlYXJjaCI6eyJ0aXRsZSI6IkJlc3QgaW4gQ2hpY2tlbiIsImRpc2hfaWRzIjpbIjU1MjgwIl0sImN1aXNpbmVfaWRzIjpbXX19;;;₹200 for one;
Ramen;/lucknow/ramen-chowk/order?contextual_menu_params=eyJkaXNoX3NlYXJjaCI6eyJ0aXRsZSI6IkJlc3QgaW4gQ2hpY2tlbiIsImRpc2hfaWRzIjpbIjU1MjgwIl0sImN1aXNpbmVfaWRzIjpbXX19;;;₹200 for one;
Champaran Ahuna Meat;/lucknow/champaran-ahuna-meat-1-transport-nagar/order?contextual_menu_params=eyJkaXNoX3NlYXJjaCI6eyJ0aXRsZSI6IkJlc3QgaW4gQ2hpY2tlbiIsImRpc2hfaWRzIjpbIjU1MjgwIl0sImN1aXNpbmVfaWRzIjpbXX19;;;₹200 for one;
Kebabchi;/lucknow/kebabchi-chowk/order?contextual_menu_params=eyJkaXNoX3NlYXJjaCI6eyJ0aXRsZSI6IkJlc3QgaW4gQ2hpY2tlbiIsImRpc2hfaWRzIjpbIjU1MjgwIl0sImN1aXNpbmVfaWRzIjpbXX19;;;₹200 for one;
Kitchen Garage;/lucknow/kitchen-garage-aminabad/order?contextual_menu_params=eyJkaXNoX3NlYXJjaCI6eyJ0aXRsZSI6IkJlc3QgaW4gQ2hpY2tlbiIsImRpc2hfaWRzIjpbIjU1MjgwIl0sImN1aXNpbmVfaWRzIjpbXX19;;;₹200 for one;
Punjab Mail;/lucknow/punjab-mail-aashiana/order?contextual_menu_params=eyJkaXNoX3NlYXJjaCI6eyJ0aXRsZSI6IkJlc3QgaW4gQ2hpY2tlbiIsImRpc2hfaWRzIjpbIjU1MjgwIl0sImN1aXNpbmVfaWRzIjpbXX19;;;₹200 for one;
Raj Biryani Corner;/lucknow/raj-biryani-corner-alambagh/order?contextual_menu_params=eyJkaXNoX3NlYXJjaCI6eyJ0aXRsZSI6IkJlc3QgaW4gQ2hpY2tlbiIsImRpc2hfaWRzIjpbIjU1MjgwIl0sImN1aXNpbmVfaWRzIjpbXX19;;;₹150 for one;
Lucknowi Kabab;/lucknow/lucknowi-kabab-2-chowk/order?contextual_menu_params=eyJkaXNoX3NlYXJjaCI6eyJ0aXRsZSI6IkJlc3QgaW4gQ2hpY2tlbiIsImRpc2hfaWRzIjpbIjU1MjgwIl0sImN1aXNpbmVfaWRzIjpbXX19;;;₹200 for one;
The Kalika;/lucknow/the-kalika-hazratganj/order?contextual_menu_params=eyJkaXNoX3NlYXJjaCI6eyJ0aXRsZSI6IkJlc3QgaW4gQ2hpY2tlbiIsImRpc2hfaWRzIjpbIjU1MjgwIl0sImN1aXNpbmVfaWRzIjpbXX19;;;₹150 for one;
Shahi Zaiqa;/lucknow/shahi-zaiqa-alambagh/order?contextual_menu_params=eyJkaXNoX3NlYXJjaCI6eyJ0aXRsZSI6IkJlc3QgaW4gQ2hpY2tlbiIsImRpc2hfaWRzIjpbIjU1MjgwIl0sImN1aXNpbmVfaWRzIjpbXX19;;;₹150 for one;
Karim's - Original From Jama Masjid Delhi-6;/lucknow/karims-original-from-jama-masjid-delhi-6-1-aliganj/order?contextual_menu_params=eyJkaXNoX3NlYXJjaCI6eyJ0aXRsZSI6IkJlc3QgaW4gQ2hpY2tlbiIsImRpc2hfaWRzIjpbIjU1MjgwIl0sImN1aXNpbmVfaWRzIjpbXX19;;;₹450 for one;
Topson Chinese Fast Food;/lucknow/topson-chinese-fast-food-shekhpur/order?contextual_menu_params=eyJkaXNoX3NlYXJjaCI6eyJ0aXRsZSI6IkJlc3QgaW4gQ2hpY2tlbiIsImRpc2hfaWRzIjpbIjU1MjgwIl0sImN1aXNpbmVfaWRzIjpbXX19;;;₹150 for one;
Old Cozy Corner;/lucknow/old-cozy-corner-indira-nagar/order?contextual_menu_params=eyJkaXNoX3NlYXJjaCI6eyJ0aXRsZSI6IkJlc3QgaW4gQ2hpY2tlbiIsImRpc2hfaWRzIjpbIjU1MjgwIl0sImN1aXNpbmVfaWRzIjpbXX19;;;₹200 for one;
Bombay Seekh Pratha;/lucknow/bombay-seekh-pratha-khadra/order?contextual_menu_params=eyJkaXNoX3NlYXJjaCI6eyJ0aXRsZSI6IkJlc3QgaW4gQ2hpY2tlbiIsImRpc2hfaWRzIjpbIjU1MjgwIl0sImN1aXNpbmVfaWRzIjpbXX19;;;₹400 for one;
Chatpati Fish House;/lucknow/chatpati-fish-house-charbagh/order?contextual_menu_params=eyJkaXNoX3NlYXJjaCI6eyJ0aXRsZSI6IkJlc3QgaW4gQ2hpY2tlbiIsImRpc2hfaWRzIjpbIjU1MjgwIl0sImN1aXNpbmVfaWRzIjpbXX19;;;₹200 for one;
AFC;/lucknow/afc-lalbagh/order?contextual_menu_params=eyJkaXNoX3NlYXJjaCI6eyJ0aXRsZSI6IkJlc3QgaW4gQ2hpY2tlbiIsImRpc2hfaWRzIjpbIjU1MjgwIl0sImN1aXNpbmVfaWRzIjpbXX19;;;₹100 for one;
Chickland - Fried Chicken, Burgers & Wraps;/lucknow/chickland-fried-chicken-burgers-wraps-shekhpur/order?contextual_menu_params=eyJkaXNoX3NlYXJjaCI6eyJ0aXRsZSI6IkJlc3QgaW4gQ2hpY2tlbiIsImRpc2hfaWRzIjpbIjU1MjgwIl0sImN1aXNpbmVfaWRzIjpbXX19;;;₹100 for one;
Redan A House Of Mandi;/lucknow/redan-a-house-of-mandi-aminabad/order?contextual_menu_params=eyJkaXNoX3NlYXJjaCI6eyJ0aXRsZSI6IkJlc3QgaW4gQ2hpY2tlbiIsImRpc2hfaWRzIjpbIjU1MjgwIl0sImN1aXNpbmVfaWRzIjpbXX19;;;₹350 for one;